model,split,spec,test_nll_per_choice,n_test
qwen2.5-7b,0,prior_only,11.04361269691139,287
qwen2.5-7b,0,evidence_only,9.381659247028416,287
qwen2.5-7b,0,additive,9.378667731332232,287
qwen2.5-7b,0,interaction,9.384563735073266,287
qwen2.5-7b,1,prior_only,10.985285370728551,287
qwen2.5-7b,1,evidence_only,9.457480246715194,287
qwen2.5-7b,1,additive,9.439072820321297,287
qwen2.5-7b,1,interaction,9.442333971671353,287
qwen2.5-7b,2,prior_only,10.88762750616454,287
qwen2.5-7b,2,evidence_only,9.349088626525432,287
qwen2.5-7b,2,additive,9.320007505724009,287
qwen2.5-7b,2,interaction,9.305030242796057,287
qwen2.5-7b,3,prior_only,10.826180961332172,287
qwen2.5-7b,3,evidence_only,9.262925022937928,287
qwen2.5-7b,3,additive,9.251810181402526,287
qwen2.5-7b,3,interaction,9.238880348932701,287
qwen2.5-7b,4,prior_only,11.034198781459033,287
qwen2.5-7b,4,evidence_only,9.538298984247946,287
qwen2.5-7b,4,additive,9.520599750073519,287
qwen2.5-7b,4,interaction,9.513936733114122,287
phi-3.5-mini,0,prior_only,10.829019308295251,277
phi-3.5-mini,0,evidence_only,7.698453013894574,277
phi-3.5-mini,0,additive,7.606100900439533,277
phi-3.5-mini,0,interaction,7.608704398146798,277
phi-3.5-mini,1,prior_only,10.992940291211914,277
phi-3.5-mini,1,evidence_only,7.652467507101562,277
phi-3.5-mini,1,additive,7.55572030086242,277
phi-3.5-mini,1,interaction,7.545571234619638,277
phi-3.5-mini,2,prior_only,10.935086181849636,277
phi-3.5-mini,2,evidence_only,7.920981443127143,277
phi-3.5-mini,2,additive,7.793777154089339,277
phi-3.5-mini,2,interaction,7.774085136857785,277
phi-3.5-mini,3,prior_only,10.606715020911656,277
phi-3.5-mini,3,evidence_only,7.45188852338064,277
phi-3.5-mini,3,additive,7.348550000374914,277
phi-3.5-mini,3,interaction,7.357201944643784,277
phi-3.5-mini,4,prior_only,10.830900127424298,277
phi-3.5-mini,4,evidence_only,7.5815097406130185,277
phi-3.5-mini,4,additive,7.458415895060902,277
phi-3.5-mini,4,interaction,7.440555063889289,277
mistral-7b-instruct,0,prior_only,10.935721802113298,275
mistral-7b-instruct,0,evidence_only,8.0377204580791,275
mistral-7b-instruct,0,additive,7.93919666296839,275
mistral-7b-instruct,0,interaction,7.824561854281985,275
mistral-7b-instruct,1,prior_only,11.035343833545642,275
mistral-7b-instruct,1,evidence_only,7.861450485650836,275
mistral-7b-instruct,1,additive,7.806077352519136,275
mistral-7b-instruct,1,interaction,7.77138618877672,275
mistral-7b-instruct,2,prior_only,11.272075090733116,275
mistral-7b-instruct,2,evidence_only,8.267281185157493,275
mistral-7b-instruct,2,additive,8.234486125680585,275
mistral-7b-instruct,2,interaction,8.149751610352304,275
mistral-7b-instruct,3,prior_only,11.3888343382848,275
mistral-7b-instruct,3,evidence_only,8.314712446828722,275
mistral-7b-instruct,3,additive,8.27229737755374,275
mistral-7b-instruct,3,interaction,8.19425760195633,275
mistral-7b-instruct,4,prior_only,10.951040256277832,275
mistral-7b-instruct,4,evidence_only,8.156316496508671,275
mistral-7b-instruct,4,additive,8.089345504474327,275
mistral-7b-instruct,4,interaction,8.062486304865224,275
qwen2.5-3b,0,prior_only,11.890787637496237,273
qwen2.5-3b,0,evidence_only,10.400041993136005,273
qwen2.5-3b,0,additive,10.387424289751662,273
qwen2.5-3b,0,interaction,10.363026726841053,273
qwen2.5-3b,1,prior_only,12.045709367372169,273
qwen2.5-3b,1,evidence_only,10.758788830700977,273
qwen2.5-3b,1,additive,10.752444350458589,273
qwen2.5-3b,1,interaction,10.727783827525059,273
qwen2.5-3b,2,prior_only,11.957926095341723,273
qwen2.5-3b,2,evidence_only,10.51996775693601,273
qwen2.5-3b,2,additive,10.507360714265968,273
qwen2.5-3b,2,interaction,10.491397763113406,273
qwen2.5-3b,3,prior_only,12.089094230753737,273
qwen2.5-3b,3,evidence_only,10.778366036052889,273
qwen2.5-3b,3,additive,10.768845661729529,273
qwen2.5-3b,3,interaction,10.748861288134659,273
qwen2.5-3b,4,prior_only,12.003051061630652,273
qwen2.5-3b,4,evidence_only,10.499275101432678,273
qwen2.5-3b,4,additive,10.485134145973781,273
qwen2.5-3b,4,interaction,10.475665017633556,273
