disease,organ_system,prevalence,is_rare,required_findings,supporting_findings,excluding_findings,n_required,n_supporting,n_excluding
Acute_MI,Cardio,0.005,False,ST_elevation;chest_pain;radiation_to_arm;troponin_elevated,diaphoresis;dyspnea;nausea;risk_factors,fever;orthopnea;peripheral_edema;pleuritic_chest_pain,4,4,4
Addison_Disease,Metabolic,0.0001,True,fatigue;hyperpigmentation;hyponatremia;hypotension;low_cortisol,hyperkalemia;nausea;salt_craving;weight_loss_rapid,central_obesity;elevated_cortisol;hypertension;moon_face;purple_striae,5,4,5
Allergic_Rhinitis,Immuno,0.2,False,itching;nasal_congestion;sneezing;watery_eyes,clear_rhinorrhea;pale_nasal_mucosa;seasonal_pattern,fatigue;fever;joint_pain;rash,4,3,4
Ankylosing_Spondylitis,Immuno,0.002,True,HLA_B27;inflammatory_back_pain;morning_stiffness_over_1hr;sacroiliac_tenderness,enthesitis;limited_spinal_mobility;uveitis;young_male,DIP_involvement;acute_joint_pain;crepitus;malar_rash;positive_RF,4,4,5
Aortic_Dissection,Cardio,0.0003,True,blood_pressure_differential;sudden_onset;tearing_chest_pain;widened_mediastinum,Marfan_history;aortic_regurgitation_murmur;hypertension_history,ST_elevation;orthopnea;peripheral_edema;troponin_elevated,4,3,4
Aplastic_Anemia,Hemato,2e-05,True,bleeding;fatigue;hypocellular_bone_marrow;pancytopenia;recurrent_infections,pallor;petechiae;reticulocytopenia,JAK2_mutation;Reed_Sternberg_cells;elevated_hemoglobin;lymphocytosis,5,3,4
Asthma,Immuno,0.08,False,dyspnea;episodic_symptoms;reversible_airflow_obstruction;wheezing,chest_tightness;cough;nocturnal_symptoms;trigger_exposure,crackles;fever;joint_pain;rash,4,4,4
B12_Deficiency,Hemato,0.03,False,fatigue;high_MCV;low_B12;peripheral_neuropathy,glossitis;hypersegmented_neutrophils;pallor;subacute_combined_degeneration,low_MCV;low_ferritin;normal_B12;target_cells,4,4,4
Bacterial_Meningitis,Neuro,0.002,False,altered_mental_status;fever;headache;neck_stiffness,petechial_rash;photophobia;positive_brudzinski;positive_kernig,aura;bilateral_pain;gradual_onset;pressing_quality,4,4,4
COPD,Pulmo,0.06,False,chronic_cough;chronic_dyspnea;smoking_history;sputum_production,FEV1_reduced;barrel_chest;decreased_breath_sounds;prolonged_expiration,eosinophilia;no_smoking_history;reversible_airflow_obstruction;young_age,4,4,4
Cardiac_Tamponade,Cardio,0.0005,True,hypotension;jugular_venous_distension;muffled_heart_sounds;pulsus_paradoxus,electrical_alternans;pericardial_effusion;tachycardia,ST_elevation;crackles;peripheral_edema;pleuritic_chest_pain,4,3,4
Chronic_Lymphocytic_Leukemia,Hemato,0.005,False,age_over_50;lymphocytosis;mature_small_lymphocytes;painless_lymphadenopathy,fatigue;immunodeficiency;smudge_cells;splenomegaly,Reed_Sternberg_cells;low_MCV;sickle_cells;young_age,4,4,4
Cluster_Headache,Neuro,0.001,True,autonomic_features;headache;lacrimation;periorbital_pain;unilateral_pain,conjunctival_injection;duration_15min_3hrs;ptosis;rhinorrhea,aura;bilateral_pain;duration_4_72hrs;fever;nausea,5,4,5
Community_Pneumonia,Pulmo,0.01,False,crackles;fever;infiltrate_on_CXR;productive_cough,dyspnea;elevated_WBC;pleuritic_chest_pain;rigors,barrel_chest;chronic_dyspnea;reversible_airflow_obstruction;smoking_history,4,4,4
Cushing_Syndrome,Metabolic,0.001,True,central_obesity;elevated_cortisol;moon_face;purple_striae,easy_bruising;hyperglycemia;hypertension;proximal_muscle_weakness,hyperpigmentation;hypotension;low_cortisol;weight_loss_rapid,4,4,4
Diabetes_Insipidus,Metabolic,0.0003,True,dilute_urine;low_urine_osmolality;polydipsia;polyuria,dehydration;hypernatremia;nocturia,HbA1c_elevated;glycosuria;high_fasting_glucose;ketoacidosis,4,3,4
Epilepsy,Neuro,0.01,False,loss_of_consciousness;recurrent_episodes;seizures,EEG_abnormality;incontinence;postictal_confusion;tongue_biting,ascending_weakness;neck_stiffness;papilledema;progressive_course,3,4,4
Gout,Immuno,0.04,False,MSU_crystals;acute_joint_pain;asymmetric_joint;high_uric_acid,male;podagra;rapid_onset_hours;redness;warmth,DIP_involvement;morning_stiffness_over_1hr;positive_RF;symmetric_swelling,4,5,4
Guillain_Barre,Neuro,0.0001,True,areflexia;ascending_weakness;progressive_course;symmetric_weakness,elevated_CSF_protein;preceding_infection;respiratory_difficulty;tingling,asymmetric_onset;fever;resting_tremor;upper_motor_neuron_signs,4,4,4
HUS,Hemato,2e-05,True,diarrhea;microangiopathic_hemolytic_anemia;renal_failure;schistocytes;thrombocytopenia,E_coli_O157;bloody_diarrhea;pediatric_age,fever;neurologic_symptoms;no_diarrhea,5,3,3
Heart_Failure,Cardio,0.02,False,dyspnea;elevated_BNP;fatigue;peripheral_edema,PND;S3_gallop;crackles;jugular_venous_distension;orthopnea,fever;pleuritic_chest_pain;sudden_onset;unilateral_leg_swelling,4,5,4
Hemophilia_A,Hemato,0.0001,True,hemarthrosis;low_factor_VIII;prolonged_aPTT;prolonged_bleeding,easy_bruising;family_history;male;muscle_hematomas,normal_coagulation_studies;petechiae;schistocytes;thrombocytopenia,4,4,4
Hodgkin_Lymphoma,Hemato,0.003,False,B_symptoms;Reed_Sternberg_cells;painless_lymphadenopathy,mediastinal_mass;night_sweats;pruritus;weight_loss_rapid,isolated_thrombocytopenia;low_MCV;petechiae;sickle_cells,3,4,4
Hyperthyroidism,Metabolic,0.02,False,heat_intolerance;low_TSH;tachycardia;weight_loss_rapid,anxiety;diarrhea;exophthalmos;hyperreflexia;tremor,bradycardia;cold_intolerance;constipation;elevated_TSH;weight_gain,4,5,5
Hypothyroidism,Metabolic,0.05,False,cold_intolerance;elevated_TSH;fatigue;weight_gain,bradycardia;constipation;delayed_reflexes;dry_skin;hair_loss,heat_intolerance;low_TSH;tachycardia;weight_loss_rapid,4,5,4
ITP,Hemato,0.0001,True,isolated_thrombocytopenia;no_splenomegaly;normal_coagulation_studies;petechiae,bruising;megakaryocyte_hyperplasia;mucosal_bleeding,abnormal_coagulation;fever;renal_failure;schistocytes;splenomegaly,4,3,5
Idiopathic_Intracranial_HTN,Neuro,0.001,True,elevated_opening_pressure;headache;papilledema;vision_changes,female;obesity;tinnitus;transient_visual_obscurations,fever;focal_neuro_deficit;neck_stiffness;unilateral_pain,4,4,4
Insulinoma,Metabolic,4e-05,True,confusion;diaphoresis;fasting_hypoglycemia;relief_with_glucose;whipple_triad,elevated_insulin_during_hypoglycemia;pancreatic_mass;weight_gain,HbA1c_elevated;high_fasting_glucose;ketoacidosis;polyuria,5,3,4
Iron_Deficiency_Anemia,Hemato,0.08,False,fatigue;low_MCV;low_ferritin;pallor,brittle_nails;glossitis;koilonychia;pica,high_MCV;jaundice;normal_ferritin;splenomegaly,4,4,4
Lung_Cancer,Pulmo,0.005,False,hemoptysis;mass_on_imaging;persistent_cough;weight_loss_rapid,clubbing;hoarseness;smoking_history;superior_vena_cava_syndrome,bilateral_hilar_lymphadenopathy;positive_AFB;reversible_airflow_obstruction;velcro_crackles,4,4,4
Metabolic_Syndrome,Metabolic,0.12,False,central_obesity;high_fasting_glucose;high_triglycerides;hypertension;low_HDL,acanthosis_nigricans;fatty_liver;hyperuricemia,hypotension;low_cortisol;thin_body_habitus;weight_loss_rapid,5,3,4
Migraine,Neuro,0.12,False,headache;nausea;photophobia,aura;duration_4_72hrs;throbbing_quality;unilateral_pain,fever;focal_neuro_deficit;neck_stiffness;papilledema,3,4,4
Multiple_Sclerosis,Neuro,0.003,True,fatigue;numbness;relapsing_remitting_course;vision_changes,balance_problems;lhermitte_sign;optic_neuritis;white_matter_lesions,fever;headache;papilledema;sudden_onset,4,4,4
Myasthenia_Gravis,Neuro,0.0002,True,diplopia;fatigable_weakness;fluctuating_symptoms;ptosis,anti_AChR_antibodies;dysphagia;positive_edrophonium_test;thymoma,areflexia;ascending_weakness;resting_tremor;sensory_loss,4,4,4
Osteoarthritis,Immuno,0.15,False,DIP_involvement;age_over_50;crepitus;joint_pain,Heberden_nodes;bony_enlargement;reduced_ROM;stiffness_under_30min,fever;malar_rash;morning_stiffness_over_1hr;positive_RF;symmetric_swelling,4,4,5
Parkinsons_Disease,Neuro,0.01,False,asymmetric_onset;bradykinesia;resting_tremor;rigidity,masked_facies;micrographia;postural_instability;shuffling_gait,fever;sudden_onset;symmetric_onset;young_age,4,4,4
Pericarditis,Cardio,0.003,False,diffuse_ST_elevation;pain_worse_supine;pericardial_friction_rub;pleuritic_chest_pain,fever;pericardial_effusion;viral_prodrome,ST_elevation_focal;radiation_to_arm;tearing_chest_pain;troponin_markedly_elevated,4,3,4
Pheochromocytoma,Metabolic,0.0002,True,diaphoresis;elevated_catecholamines;episodic_hypertension;headache;tachycardia,adrenal_mass;anxiety;pallor;palpitations,bradycardia;cold_intolerance;hypotension;low_cortisol,5,4,4
Polycythemia_Vera,Hemato,0.0005,True,JAK2_mutation;elevated_hematocrit;elevated_hemoglobin;splenomegaly,erythromelalgia;headache;plethora;pruritus_after_bathing,anemia;pallor;petechiae;thrombocytopenia,4,4,4
Primary_Hyperaldosteronism,Metabolic,0.001,True,elevated_aldosterone;hypertension;hypokalemia;low_renin,adrenal_mass;metabolic_alkalosis;muscle_weakness,elevated_cortisol;hyperkalemia;hyperpigmentation;hypotension,4,3,4
Psoriatic_Arthritis,Immuno,0.002,True,dactylitis;joint_pain;psoriasis,DIP_involvement;asymmetric_joint;enthesitis;nail_pitting,MSU_crystals;malar_rash;positive_RF;tophi,3,4,4
Pulmonary_Embolism,Cardio,0.002,False,elevated_D_dimer;pleuritic_chest_pain;sudden_dyspnea;tachycardia,Wells_score_high;hemoptysis;hypoxemia;unilateral_leg_swelling,ST_elevation;crackles;orthopnea;troponin_elevated,4,4,4
Pulmonary_Fibrosis,Pulmo,0.002,True,dry_cough;honeycombing_on_CT;progressive_dyspnea;velcro_crackles,age_over_50;clubbing;reduced_DLCO;restrictive_pattern,fever;reversible_airflow_obstruction;smoking_history;sputum_production,4,4,4
Reactive_Arthritis,Immuno,0.003,True,asymmetric_joint;conjunctivitis;preceding_infection;urethritis,HLA_B27;dactylitis;enthesitis;young_male,DIP_involvement;malar_rash;positive_RF;symmetric_swelling,4,4,4
Rheumatoid_Arthritis,Immuno,0.01,False,joint_pain;morning_stiffness_over_1hr;positive_RF;symmetric_swelling,MCP_PIP_involvement;elevated_ESR;fatigue;rheumatoid_nodules,DIP_involvement;asymmetric_joint;back_pain;sacroiliac_tenderness;tophi,4,4,5
Sarcoidosis,Immuno,0.001,True,bilateral_hilar_lymphadenopathy;fatigue;noncaseating_granulomas,cough;elevated_ACE;erythema_nodosum;hypercalcemia;uveitis,DIP_involvement;MSU_crystals;malar_rash;positive_RF,3,5,4
Sarcoidosis_Pulmo,Pulmo,0.001,True,bilateral_hilar_lymphadenopathy;chronic_cough;noncaseating_granulomas,elevated_ACE;erythema_nodosum;fatigue;hypercalcemia;uveitis,honeycombing_on_CT;positive_AFB;sputum_production;upper_lobe_cavitation,3,5,4
Sickle_Cell_Disease,Hemato,0.003,False,HbS_on_electrophoresis;chronic_hemolytic_anemia;pain_crisis;sickle_cells,African_descent;dactylitis;jaundice;splenomegaly_childhood,high_MCV;low_ferritin;normal_ferritin;target_cells,4,4,4
Sjogren_Syndrome,Immuno,0.004,True,dry_eyes;dry_mouth;positive_anti_SSA;positive_anti_SSB,dental_caries;fatigue;joint_pain;parotid_enlargement,DIP_involvement;dactylitis;malar_rash;tophi,4,4,4
Stroke_Ischemic,Neuro,0.03,False,focal_neuro_deficit;speech_difficulty;sudden_onset,arm_weakness;atrial_fibrillation;facial_droop;hypertension,bilateral_symptoms;fever;gradual_onset;neck_stiffness,3,4,4
Subarachnoid_Hemorrhage,Neuro,0.001,True,neck_stiffness;sudden_onset;thunderclap_headache;worst_headache_of_life,loss_of_consciousness;nausea;vomiting;xanthochromia_CSF,aura;bilateral_pain;gradual_onset;pressing_quality,4,4,4
Systemic_Lupus,Immuno,0.005,True,joint_pain;malar_rash;photosensitivity;positive_ANA,cytopenias;fatigue;oral_ulcers;renal_involvement;serositis,DIP_involvement;age_over_50;asymmetric_joint;crepitus;tophi,4,5,5
T1_Diabetes,Metabolic,0.005,False,high_fasting_glucose;ketoacidosis;polydipsia;polyuria;young_age,autoantibodies_positive;thin_body_habitus;weight_loss_rapid,acanthosis_nigricans;age_over_50;gradual_onset;obesity,5,3,4
T2_Diabetes,Metabolic,0.1,False,HbA1c_elevated;high_fasting_glucose;polydipsia;polyuria,acanthosis_nigricans;blurred_vision;fatigue;obesity,autoantibodies_positive;ketoacidosis;weight_loss_rapid;young_age,4,4,4
TTP,Hemato,3e-05,True,fever;microangiopathic_hemolytic_anemia;neurologic_symptoms;schistocytes;thrombocytopenia,elevated_LDH;low_ADAMTS13;renal_failure,isolated_thrombocytopenia;no_splenomegaly;normal_coagulation_studies,5,3,3
Tension_Headache,Neuro,0.2,False,bilateral_pain;headache;pressing_quality,mild_photophobia;muscle_tension;stress,aura;nausea;throbbing_quality;vomiting,3,3,4
Thalassemia_Trait,Hemato,0.01,False,low_MCV;mild_anemia;normal_RDW;normal_ferritin;target_cells,Mediterranean_descent;family_history;splenomegaly,high_MCV;low_B12;low_ferritin;peripheral_neuropathy,5,3,4
Tuberculosis,Pulmo,0.003,False,chronic_cough;night_sweats;positive_AFB;weight_loss_rapid,fever;hemoptysis;positive_PPD;upper_lobe_cavitation,barrel_chest;honeycombing_on_CT;reversible_airflow_obstruction;velcro_crackles,4,4,4
