p_req,p_sup,p_bg,p_exc,bayes_top1,bayes_top3
0.8,0.35,0.01,0.01,0.9939024390243902,1.0
0.97,0.65,0.06,0.08,0.9532520325203252,0.9827235772357723
0.8,0.35,0.03,0.08,0.9796747967479674,0.9979674796747967
0.8,0.65,0.01,0.02,0.9928861788617886,1.0
0.97,0.65,0.01,0.01,0.991869918699187,1.0
0.9,0.5,0.06,0.02,0.9563008130081301,0.9827235772357723
0.97,0.35,0.03,0.01,0.9908536585365854,0.9969512195121951
0.8,0.65,0.03,0.02,0.975609756097561,0.9979674796747967
0.9,0.5,0.03,0.02,0.9806910569105691,0.9979674796747967
0.9,0.35,0.06,0.08,0.9552845528455285,0.9817073170731707
0.8,0.5,0.03,0.02,0.9786585365853658,0.9979674796747967
0.9,0.65,0.03,0.08,0.9766260162601627,0.9979674796747967
0.8,0.35,0.01,0.08,0.9928861788617886,1.0
0.8,0.35,0.01,0.02,0.9928861788617886,1.0
0.97,0.35,0.06,0.08,0.9563008130081301,0.983739837398374
0.9,0.65,0.03,0.02,0.9786585365853658,0.9979674796747967
