within_vignette_spearman,top1_agreement
1.0,1.0
0.801336104113312,0.9989837398373984
0.8558131792333592,0.9989837398373984
0.8837602212196196,0.9989837398373984
0.9754704431759139,1.0
0.8180415066787646,1.0
0.8145144699164917,1.0
0.8772830504414139,1.0
0.8638836528835744,1.0
0.8384822446140509,0.9989837398373984
0.8768486188558898,1.0
0.8632152113587905,0.9989837398373984
0.8081412145973448,0.9989837398373984
0.8757829738351064,0.9989837398373984
0.7981724977978106,0.9989837398373984
0.863595023077602,1.0
