source,model,difficulty,n_used,n_total,gamma0,gamma_prior,gamma_evidence,PER,n,converged,PER_lo,PER_hi,gamma_prior_lo,gamma_prior_hi,gamma_evidence_lo,gamma_evidence_hi,nll
open_weight,biomistral-7b,easy,0,328,,,,,0,False,,,,,,,
open_weight,biomistral-7b,medium,0,328,,,,,0,False,,,,,,,
open_weight,biomistral-7b,hard,0,328,,,,,0,False,,,,,,,
open_weight,mistral-7b-instruct,easy,308,328,0.0,0.1236649683675505,0.2987974791356033,0.4138755411367698,308,True,0.273269337090328,0.5494013203026333,0.0840846707355391,0.1641555579508739,0.2819019842281273,0.3188376018937244,2242.1072115227234
open_weight,mistral-7b-instruct,medium,302,328,0.0,0.1176417381914593,0.3359131862773701,0.3502147072437944,302,True,0.2310539443069574,0.4704024022693653,0.0778278432230565,0.1537113591273941,0.3156770106522881,0.3569644229538481,2345.205530346296
open_weight,mistral-7b-instruct,hard,306,328,0.0524500586936236,0.0987008904205289,0.3481298922085178,0.2835174244715834,306,True,0.175640460904101,0.3898624799401752,0.0615653145810923,0.1330686861223938,0.3226641124360709,0.3733391562171349,2736.798824739953
open_weight,phi-3.5-mini,easy,304,328,0.0524501182597189,0.172043192275887,0.3482918897954571,0.4939626713011422,304,True,0.3963087044893286,0.589767392828832,0.1418348729477399,0.2093704897194179,0.3280255767870637,0.3779778040325826,1968.1794585534851
open_weight,phi-3.5-mini,medium,305,328,0.0628651105466966,0.1488275522755623,0.3626375798305886,0.4104030044130817,305,True,0.2848533781445831,0.505116702355123,0.1027670419920923,0.1866963555884838,0.3361203142593487,0.3969599474754617,2252.6127260722465
open_weight,phi-3.5-mini,hard,312,328,2.726178746634157e-10,0.1361440513901005,0.3761831258619268,0.3619089800430613,312,True,0.2780064738488179,0.4388802514512401,0.1048031816589504,0.1664215146616125,0.3511497953426375,0.4144709160789832,2681.8962720700106
open_weight,qwen2.5-0.5b,easy,96,328,0.0,-0.0931316348201892,-0.029932816222915,3.1113555813332496,96,True,-39.20815151682193,19.2579767767151,-0.1331062267352737,-0.0359005590683535,-0.108620495781171,0.0351545716076375,446.8506060434379
open_weight,qwen2.5-0.5b,medium,86,328,0.0628651551856183,-0.1013634534577695,-0.0920851005590129,1.1007584597555016,86,True,0.584054507602567,1.7816939972255903,-0.132824344118528,-0.0591629714262014,-0.1147085634590599,-0.0669400562223438,393.0387583189165
open_weight,qwen2.5-0.5b,hard,117,328,0.0524501800993119,-0.121752153645395,-0.1066006127855018,1.1421337125930098,117,True,0.8061712635196813,1.5132354082826327,-0.1345247259352739,-0.0902195475209141,-0.1337744812130229,-0.08711491835821,518.2007410131141
open_weight,qwen2.5-1.5b,easy,327,328,5.388263212191208e-09,0.0381934855697947,0.0792033043209476,0.4822208605720171,327,True,0.1062211189565684,0.8106509873679801,0.00886361052661,0.0641177078960863,0.0646627057190711,0.0935510548292772,4101.96351474403
open_weight,qwen2.5-1.5b,medium,325,328,6.75758944205908e-08,0.0032969816238973,0.0771052497710203,0.0427594960614023,325,True,-0.35118745485806,0.3568581574112223,-0.0246117673926435,0.0283147831776161,0.054338106148981,0.093661945270587,4067.36845757865
open_weight,qwen2.5-1.5b,hard,325,328,0.0628651335344595,-0.0194441207134019,0.0674606403121802,-0.2882291158729369,325,True,-0.7324811207687554,0.098902412027871,-0.0417194113632247,0.005817763359559,0.0407788786377297,0.0884751710981075,4154.455836436899
open_weight,qwen2.5-3b,easy,310,328,0.0628651031293622,0.0426036269194758,0.2052109648103445,0.2076089206970496,310,True,0.0443968345128061,0.3474337686118656,0.0091676464550024,0.0702460504529077,0.1928692886255671,0.216249879618595,3063.2987149466694
open_weight,qwen2.5-3b,medium,299,328,0.0524500653215654,0.0520702323719301,0.2214811640567712,0.2351000483209633,299,True,0.055611999197972,0.3693880175413042,0.0130458706922038,0.083052092830433,0.2073119755816858,0.2370820650471128,3103.6123170457604
open_weight,qwen2.5-3b,hard,301,328,0.0524500585765198,0.0356921603674419,0.2132750905754616,0.1673526911705295,301,True,0.0175203058706427,0.2843410826788251,0.0037918699173038,0.0596403846923713,0.1979743813860404,0.2286708307862323,3443.9083075629223
open_weight,qwen2.5-7b,easy,316,328,0.0628651105466966,0.0801626246868031,0.2170794442994875,0.3692778233585722,316,True,0.2278782189672119,0.5125671767464086,0.0501393877788372,0.1121348865603979,0.2047610773110763,0.2317879263474566,2878.7462428078657
open_weight,qwen2.5-7b,medium,321,328,-1.3560954929145444e-07,0.0411041783678638,0.2303355672194626,0.1784534575535181,321,True,0.0788389538485805,0.3044036622386829,0.0188107319454245,0.0714774213040456,0.215464459873034,0.2469619017903724,3016.585005180242
open_weight,qwen2.5-7b,hard,319,328,0.0524500590449758,0.056209559069506,0.2566745929037747,0.2189915193148026,319,True,0.1111329302891984,0.3311565388050659,0.0282550143813003,0.0838398866091484,0.2357192973035066,0.2739669732562316,3066.31399551822
