grid_idx,p_req,p_sup,p_bg,p_exc,source,model,gamma_prior,gamma_evidence,PER
0,0.8,0.35,0.01,0.01,open_weight,biomistral-7b,,,
0,0.8,0.35,0.01,0.01,open_weight,mistral-7b-instruct,0.11449947665421,0.2621847086710035,0.4367130227945026
0,0.8,0.35,0.01,0.01,open_weight,phi-3.5-mini,0.1534672923140985,0.2960212993467722,0.5184332771079431
0,0.8,0.35,0.01,0.01,open_weight,qwen2.5-0.5b,-0.1054978426484773,-0.1414320909944144,0.7459257789849387
0,0.8,0.35,0.01,0.01,open_weight,qwen2.5-1.5b,0.0069373916495856,0.06124498836252,0.1132728054175136
0,0.8,0.35,0.01,0.01,open_weight,qwen2.5-3b,0.0436415238469291,0.1705867078418536,0.2558319132777217
0,0.8,0.35,0.01,0.01,open_weight,qwen2.5-7b,0.059409610376894,0.1837189081975839,0.3233723243826428
1,0.97,0.65,0.06,0.08,open_weight,biomistral-7b,,,
1,0.97,0.65,0.06,0.08,open_weight,mistral-7b-instruct,0.1086072763395166,0.3817987062188327,0.284462138217061
1,0.97,0.65,0.06,0.08,open_weight,phi-3.5-mini,0.1451485138841227,0.4204869748146517,0.3451914627036982
1,0.97,0.65,0.06,0.08,open_weight,qwen2.5-0.5b,-0.1069106736304429,-0.0304658976416045,3.509191650550441
1,0.97,0.65,0.06,0.08,open_weight,qwen2.5-1.5b,0.007229681653138,0.0874051934541129,0.082714554678419
1,0.97,0.65,0.06,0.08,open_weight,qwen2.5-3b,0.0421368280457377,0.2497272856279737,0.1687313740658289
1,0.97,0.65,0.06,0.08,open_weight,qwen2.5-7b,0.0579315707530689,0.2723397998433405,0.2127179750678864
2,0.8,0.35,0.03,0.08,open_weight,biomistral-7b,,,
2,0.8,0.35,0.03,0.08,open_weight,mistral-7b-instruct,0.1139141554774417,0.3641466359092418,0.3128249563338906
2,0.8,0.35,0.03,0.08,open_weight,phi-3.5-mini,0.1521631136376248,0.4115629143242278,0.3697201772600709
2,0.8,0.35,0.03,0.08,open_weight,qwen2.5-0.5b,-0.1054008495537795,-0.1893871478919586,0.5565364425568542
2,0.8,0.35,0.03,0.08,open_weight,qwen2.5-1.5b,0.0068335852104185,0.0840863113177044,0.0812687000218043
2,0.8,0.35,0.03,0.08,open_weight,qwen2.5-3b,0.0437903634445534,0.2370381794177809,0.1847397054437071
2,0.8,0.35,0.03,0.08,open_weight,qwen2.5-7b,0.0596127989280449,0.255344717447062,0.2334600829970325
3,0.8,0.65,0.01,0.02,open_weight,biomistral-7b,,,
3,0.8,0.65,0.01,0.02,open_weight,mistral-7b-instruct,0.1137990785051289,0.2503894098097628,0.4544883850782251
3,0.8,0.65,0.01,0.02,open_weight,phi-3.5-mini,0.1534926913580957,0.283993838878158,0.5404789482913706
3,0.8,0.65,0.01,0.02,open_weight,qwen2.5-0.5b,-0.1050420983448959,-0.1607538497189067,0.6534344187002179
3,0.8,0.65,0.01,0.02,open_weight,qwen2.5-1.5b,0.0067406279020383,0.0578356258696618,0.1165480238292737
3,0.8,0.65,0.01,0.02,open_weight,qwen2.5-3b,0.0427283662942338,0.162539564293209,0.2628797885612336
3,0.8,0.65,0.01,0.02,open_weight,qwen2.5-7b,0.0583098392037603,0.1750363470007038,0.3331298910364362
4,0.97,0.65,0.01,0.01,open_weight,biomistral-7b,,,
4,0.97,0.65,0.01,0.01,open_weight,mistral-7b-instruct,0.1116397983276949,0.2341595618876537,0.4767680526377909
4,0.97,0.65,0.01,0.01,open_weight,phi-3.5-mini,0.1498598687347617,0.2613753701910054,0.5733511486765128
4,0.97,0.65,0.01,0.01,open_weight,qwen2.5-0.5b,-0.1064622494356123,-0.052027667926204,2.046262184701768
4,0.97,0.65,0.01,0.01,open_weight,qwen2.5-1.5b,0.0070749494134898,0.0546325525303114,0.1295006197919181
4,0.97,0.65,0.01,0.01,open_weight,qwen2.5-3b,0.0426073451237688,0.1527397749120088,0.278953829467893
4,0.97,0.65,0.01,0.01,open_weight,qwen2.5-7b,0.0583272428092986,0.1653966260712321,0.3526507414013304
5,0.9,0.5,0.06,0.02,open_weight,biomistral-7b,,,
5,0.9,0.5,0.06,0.02,open_weight,mistral-7b-instruct,0.1102995793651714,0.3995988845575904,0.2760257438838646
5,0.9,0.5,0.06,0.02,open_weight,phi-3.5-mini,0.1470153196953514,0.4403243305216092,0.3338796189644953
5,0.9,0.5,0.06,0.02,open_weight,qwen2.5-0.5b,-0.1069203535152254,-0.0362307631881547,2.951093052055329
5,0.9,0.5,0.06,0.02,open_weight,qwen2.5-1.5b,0.007434477586509,0.0940332750701015,0.0790621998538997
5,0.9,0.5,0.06,0.02,open_weight,qwen2.5-3b,0.0430141386732129,0.2615416617090319,0.1644638119683841
5,0.9,0.5,0.06,0.02,open_weight,qwen2.5-7b,0.0588735106553742,0.2844315680769069,0.2069865558644866
6,0.97,0.35,0.03,0.01,open_weight,biomistral-7b,,,
6,0.97,0.35,0.03,0.01,open_weight,mistral-7b-instruct,0.1098501690185396,0.3195493654923311,0.343765880584031
6,0.97,0.35,0.03,0.01,open_weight,phi-3.5-mini,0.1458992149934218,0.3505974974447961,0.4161444849343073
6,0.97,0.35,0.03,0.01,open_weight,qwen2.5-0.5b,-0.1069949586445978,-0.0199531338730682,5.362313475429249
6,0.97,0.35,0.03,0.01,open_weight,qwen2.5-1.5b,0.0075007561334861,0.0746006038664408,0.100545514978872
6,0.97,0.35,0.03,0.01,open_weight,qwen2.5-3b,0.043214737436057,0.2091207052176876,0.2066497307909897
6,0.97,0.35,0.03,0.01,open_weight,qwen2.5-7b,0.0592340579858149,0.2279098478419053,0.2599012659905069
7,0.8,0.65,0.03,0.02,open_weight,biomistral-7b,,,
7,0.8,0.65,0.03,0.02,open_weight,mistral-7b-instruct,0.1127570125052453,0.326553332788691,0.3452943246431637
7,0.8,0.65,0.03,0.02,open_weight,phi-3.5-mini,0.1517003263977728,0.366658529693589,0.4137373444565616
7,0.8,0.65,0.03,0.02,open_weight,qwen2.5-0.5b,-0.1061212027073052,-0.1081397313538653,0.981334070084242
7,0.8,0.65,0.03,0.02,open_weight,qwen2.5-1.5b,0.0070215107660344,0.0765958667638353,0.0916695777813124
7,0.8,0.65,0.03,0.02,open_weight,qwen2.5-3b,0.0427895769725187,0.2127199050145029,0.2011545509556402
7,0.8,0.65,0.03,0.02,open_weight,qwen2.5-7b,0.0584071527374398,0.2297541680049896,0.2542158570815191
8,0.9,0.5,0.03,0.02,open_weight,biomistral-7b,,,
8,0.9,0.5,0.03,0.02,open_weight,mistral-7b-instruct,0.1123005242992678,0.3247900086486808,0.3457634819694876
8,0.9,0.5,0.03,0.02,open_weight,phi-3.5-mini,0.1502464219106503,0.3622126145401234,0.414801737651815
8,0.9,0.5,0.03,0.02,open_weight,qwen2.5-0.5b,-0.1065095052404891,-0.0718663419248628,1.4820499052511429
8,0.9,0.5,0.03,0.02,open_weight,qwen2.5-1.5b,0.0071739114275735,0.076340362223495,0.0939727192618126
8,0.9,0.5,0.03,0.02,open_weight,qwen2.5-3b,0.0432067678039541,0.2120585025221622,0.2037492828161353
8,0.9,0.5,0.03,0.02,open_weight,qwen2.5-7b,0.0590082722609674,0.229506540346791,0.2571093275677643
9,0.9,0.35,0.06,0.08,open_weight,biomistral-7b,,,
9,0.9,0.35,0.06,0.08,open_weight,mistral-7b-instruct,0.1120889908649398,0.4401582631310749,0.2546561095265883
9,0.9,0.35,0.06,0.08,open_weight,phi-3.5-mini,0.1487299419830089,0.4892547613338267,0.3039928350978846
9,0.9,0.35,0.06,0.08,open_weight,qwen2.5-0.5b,-0.1066482328758929,-0.0810750289334773,1.3154263930438863
9,0.9,0.35,0.06,0.08,open_weight,qwen2.5-1.5b,0.007225032598165,0.1026238956245031,0.0704030241124466
9,0.9,0.35,0.06,0.08,open_weight,qwen2.5-3b,0.0439959636702404,0.2877512484652599,0.1528958220160496
9,0.9,0.35,0.06,0.08,open_weight,qwen2.5-7b,0.060018470699804,0.3118146296400818,0.1924812532660237
10,0.8,0.5,0.03,0.02,open_weight,biomistral-7b,,,
10,0.8,0.5,0.03,0.02,open_weight,mistral-7b-instruct,0.113271356747359,0.3371472028308649,0.3359700326631015
10,0.8,0.5,0.03,0.02,open_weight,phi-3.5-mini,0.1519058063221236,0.3782893620778914,0.4015598151841383
10,0.8,0.5,0.03,0.02,open_weight,qwen2.5-0.5b,-0.106143444499916,-0.1125509563406528,0.9430701253097886
10,0.8,0.5,0.03,0.02,open_weight,qwen2.5-1.5b,0.0070677474296011,0.0792301239829418,0.0892053056880588
10,0.8,0.5,0.03,0.02,open_weight,qwen2.5-3b,0.0432596889089355,0.2197560504106244,0.1968532326099908
10,0.8,0.5,0.03,0.02,open_weight,qwen2.5-7b,0.0589858474748607,0.2372595908688091,0.248613121428994
11,0.9,0.65,0.03,0.08,open_weight,biomistral-7b,,,
11,0.9,0.65,0.03,0.08,open_weight,mistral-7b-instruct,0.1121890968598276,0.3249409981860613,0.3452599009854341
11,0.9,0.65,0.03,0.08,open_weight,phi-3.5-mini,0.1506512838599608,0.3655724941765511,0.4120968788948455
11,0.9,0.65,0.03,0.08,open_weight,qwen2.5-0.5b,-0.1059677261703875,-0.1118287986384688,0.9475888810445906
11,0.9,0.65,0.03,0.08,open_weight,qwen2.5-1.5b,0.0068589138861596,0.0750104991231779,0.0914393847039504
11,0.9,0.65,0.03,0.08,open_weight,qwen2.5-3b,0.0427030909462243,0.2116169595516488,0.2017942750746398
11,0.9,0.65,0.03,0.08,open_weight,qwen2.5-7b,0.0583615676971372,0.2286197663013419,0.2552778731311066
12,0.8,0.35,0.01,0.08,open_weight,biomistral-7b,,,
12,0.8,0.35,0.01,0.08,open_weight,mistral-7b-instruct,0.113546912286947,0.27046909126426,0.4198147439183978
12,0.8,0.35,0.01,0.08,open_weight,phi-3.5-mini,0.1523134359417191,0.3078218732060235,0.494810308167336
12,0.8,0.35,0.01,0.08,open_weight,qwen2.5-0.5b,-0.1042282736452677,-0.2129000326259807,0.4895643854990584
12,0.8,0.35,0.01,0.08,open_weight,qwen2.5-1.5b,0.0065601269975941,0.0613822904977517,0.1068732845320328
12,0.8,0.35,0.01,0.08,open_weight,qwen2.5-3b,0.0431586520175396,0.1758179764088317,0.2454734885423907
12,0.8,0.35,0.01,0.08,open_weight,qwen2.5-7b,0.0588589629283201,0.1890187228177649,0.3113922369746765
13,0.8,0.35,0.01,0.02,open_weight,biomistral-7b,,,
13,0.8,0.35,0.01,0.02,open_weight,mistral-7b-instruct,0.1145872086061473,0.2651081427437694,0.4322281745864647
13,0.8,0.35,0.01,0.02,open_weight,phi-3.5-mini,0.1536451413805573,0.3003503528914447,0.5115530576256362
13,0.8,0.35,0.01,0.02,open_weight,qwen2.5-0.5b,-0.1050436099541508,-0.1739606644800629,0.6038354145640182
13,0.8,0.35,0.01,0.02,open_weight,qwen2.5-1.5b,0.0068132383382885,0.0614183306989845,0.110931675621089
13,0.8,0.35,0.01,0.02,open_weight,qwen2.5-3b,0.0435631282924013,0.1723222414851296,0.2528003809430518
13,0.8,0.35,0.01,0.02,open_weight,qwen2.5-7b,0.0593187529269016,0.1854523003306286,0.3198598929274362
14,0.97,0.35,0.06,0.08,open_weight,biomistral-7b,,,
14,0.97,0.35,0.06,0.08,open_weight,mistral-7b-instruct,0.1091495948828064,0.4166158529469727,0.2619909782854545
14,0.97,0.35,0.06,0.08,open_weight,phi-3.5-mini,0.1444576141012106,0.4569766018728296,0.3161159969879841
14,0.97,0.35,0.06,0.08,open_weight,qwen2.5-0.5b,-0.1069800257354677,-0.0269279704213275,3.972821718889636
14,0.97,0.35,0.06,0.08,open_weight,qwen2.5-1.5b,0.0073554600267191,0.0949694080825632,0.0774508357504406
14,0.97,0.35,0.06,0.08,open_weight,qwen2.5-3b,0.0432236781524453,0.2726551823241682,0.1585287240242343
14,0.97,0.35,0.06,0.08,open_weight,qwen2.5-7b,0.0593257639897812,0.2975509647351335,0.199380176913862
15,0.9,0.65,0.03,0.02,open_weight,biomistral-7b,,,
15,0.9,0.65,0.03,0.02,open_weight,mistral-7b-instruct,0.1118554557600209,0.3149769475016523,0.355122673729747
15,0.9,0.65,0.03,0.02,open_weight,phi-3.5-mini,0.1501183534114213,0.3515684311139816,0.4269961126366082
15,0.9,0.65,0.03,0.02,open_weight,qwen2.5-0.5b,-0.1064805930564253,-0.0702397032956568,1.5159601772265656
15,0.9,0.65,0.03,0.02,open_weight,qwen2.5-1.5b,0.0071273498325391,0.0739329179915029,0.0964029288463666
15,0.9,0.65,0.03,0.02,open_weight,qwen2.5-3b,0.0427660869083485,0.2055445382555774,0.2080623852684058
15,0.9,0.65,0.03,0.02,open_weight,qwen2.5-7b,0.0584599749386949,0.2225197837480786,0.2627181006291076
