disease,organ_system,prevalence,is_rare,required,supporting,excluding,n_required,n_supporting,n_excluding,split
Acute_MI,Cardio,0.005,False,ST_elevation;chest_pain;radiation_to_arm;troponin_elevated,diaphoresis;dyspnea;nausea;risk_factors,fever;orthopnea;peripheral_edema;pleuritic_chest_pain,4,4,4,original
Addison_Disease,Metabolic,0.0001,True,fatigue;hyperpigmentation;hyponatremia;hypotension;low_cortisol,hyperkalemia;nausea;salt_craving;weight_loss_rapid,central_obesity;elevated_cortisol;hypertension;moon_face;purple_striae,5,4,5,original
Allergic_Rhinitis,Immuno,0.2,False,itching;nasal_congestion;sneezing;watery_eyes,clear_rhinorrhea;pale_nasal_mucosa;seasonal_pattern,fatigue;fever;joint_pain;rash,4,3,4,original
Ankylosing_Spondylitis,Immuno,0.002,True,HLA_B27;inflammatory_back_pain;morning_stiffness_over_1hr;sacroiliac_tenderness,enthesitis;limited_spinal_mobility;uveitis;young_male,DIP_involvement;acute_joint_pain;crepitus;malar_rash;positive_RF,4,4,5,original
Aortic_Dissection,Cardio,0.0003,True,blood_pressure_differential;sudden_onset;tearing_chest_pain;widened_mediastinum,Marfan_history;aortic_regurgitation_murmur;hypertension_history,ST_elevation;orthopnea;peripheral_edema;troponin_elevated,4,3,4,original
Aplastic_Anemia,Hemato,2e-05,True,bleeding;fatigue;hypocellular_bone_marrow;pancytopenia;recurrent_infections,pallor;petechiae;reticulocytopenia,JAK2_mutation;Reed_Sternberg_cells;elevated_hemoglobin;lymphocytosis,5,3,4,original
Asthma,Immuno,0.08,False,dyspnea;episodic_symptoms;reversible_airflow_obstruction;wheezing,chest_tightness;cough;nocturnal_symptoms;trigger_exposure,crackles;fever;joint_pain;rash,4,4,4,original
B12_Deficiency,Hemato,0.03,False,fatigue;high_MCV;low_B12;peripheral_neuropathy,glossitis;hypersegmented_neutrophils;pallor;subacute_combined_degeneration,low_MCV;low_ferritin;normal_B12;target_cells,4,4,4,original
Bacterial_Meningitis,Neuro,0.002,False,altered_mental_status;fever;headache;neck_stiffness,petechial_rash;photophobia;positive_brudzinski;positive_kernig,aura;bilateral_pain;gradual_onset;pressing_quality,4,4,4,original
COPD,Pulmo,0.06,False,chronic_cough;chronic_dyspnea;smoking_history;sputum_production,FEV1_reduced;barrel_chest;decreased_breath_sounds;prolonged_expiration,eosinophilia;no_smoking_history;reversible_airflow_obstruction;young_age,4,4,4,original
Cardiac_Tamponade,Cardio,0.0005,True,hypotension;jugular_venous_distension;muffled_heart_sounds;pulsus_paradoxus,electrical_alternans;pericardial_effusion;tachycardia,ST_elevation;crackles;peripheral_edema;pleuritic_chest_pain,4,3,4,original
Chronic_Lymphocytic_Leukemia,Hemato,0.005,False,age_over_50;lymphocytosis;mature_small_lymphocytes;painless_lymphadenopathy,fatigue;immunodeficiency;smudge_cells;splenomegaly,Reed_Sternberg_cells;low_MCV;sickle_cells;young_age,4,4,4,original
Cluster_Headache,Neuro,0.001,True,autonomic_features;headache;lacrimation;periorbital_pain;unilateral_pain,conjunctival_injection;duration_15min_3hrs;ptosis;rhinorrhea,aura;bilateral_pain;duration_4_72hrs;fever;nausea,5,4,5,original
Community_Pneumonia,Pulmo,0.01,False,crackles;fever;infiltrate_on_CXR;productive_cough,dyspnea;elevated_WBC;pleuritic_chest_pain;rigors,barrel_chest;chronic_dyspnea;reversible_airflow_obstruction;smoking_history,4,4,4,original
Cushing_Syndrome,Metabolic,0.001,True,central_obesity;elevated_cortisol;moon_face;purple_striae,easy_bruising;hyperglycemia;hypertension;proximal_muscle_weakness,hyperpigmentation;hypotension;low_cortisol;weight_loss_rapid,4,4,4,original
Diabetes_Insipidus,Metabolic,0.0003,True,dilute_urine;low_urine_osmolality;polydipsia;polyuria,dehydration;hypernatremia;nocturia,HbA1c_elevated;glycosuria;high_fasting_glucose;ketoacidosis,4,3,4,original
Epilepsy,Neuro,0.01,False,loss_of_consciousness;recurrent_episodes;seizures,EEG_abnormality;incontinence;postictal_confusion;tongue_biting,ascending_weakness;neck_stiffness;papilledema;progressive_course,3,4,4,original
Gout,Immuno,0.04,False,MSU_crystals;acute_joint_pain;asymmetric_joint;high_uric_acid,male;podagra;rapid_onset_hours;redness;warmth,DIP_involvement;morning_stiffness_over_1hr;positive_RF;symmetric_swelling,4,5,4,original
Guillain_Barre,Neuro,0.0001,True,areflexia;ascending_weakness;progressive_course;symmetric_weakness,elevated_CSF_protein;preceding_infection;respiratory_difficulty;tingling,asymmetric_onset;fever;resting_tremor;upper_motor_neuron_signs,4,4,4,original
HUS,Hemato,2e-05,True,diarrhea;microangiopathic_hemolytic_anemia;renal_failure;schistocytes;thrombocytopenia,E_coli_O157;bloody_diarrhea;pediatric_age,fever;neurologic_symptoms;no_diarrhea,5,3,3,original
Heart_Failure,Cardio,0.02,False,dyspnea;elevated_BNP;fatigue;peripheral_edema,PND;S3_gallop;crackles;jugular_venous_distension;orthopnea,fever;pleuritic_chest_pain;sudden_onset;unilateral_leg_swelling,4,5,4,original
Hemophilia_A,Hemato,0.0001,True,hemarthrosis;low_factor_VIII;prolonged_aPTT;prolonged_bleeding,easy_bruising;family_history;male;muscle_hematomas,normal_coagulation_studies;petechiae;schistocytes;thrombocytopenia,4,4,4,original
Hodgkin_Lymphoma,Hemato,0.003,False,B_symptoms;Reed_Sternberg_cells;painless_lymphadenopathy,mediastinal_mass;night_sweats;pruritus;weight_loss_rapid,isolated_thrombocytopenia;low_MCV;petechiae;sickle_cells,3,4,4,original
Hyperthyroidism,Metabolic,0.02,False,heat_intolerance;low_TSH;tachycardia;weight_loss_rapid,anxiety;diarrhea;exophthalmos;hyperreflexia;tremor,bradycardia;cold_intolerance;constipation;elevated_TSH;weight_gain,4,5,5,original
Hypothyroidism,Metabolic,0.05,False,cold_intolerance;elevated_TSH;fatigue;weight_gain,bradycardia;constipation;delayed_reflexes;dry_skin;hair_loss,heat_intolerance;low_TSH;tachycardia;weight_loss_rapid,4,5,4,original
ITP,Hemato,0.0001,True,isolated_thrombocytopenia;no_splenomegaly;normal_coagulation_studies;petechiae,bruising;megakaryocyte_hyperplasia;mucosal_bleeding,abnormal_coagulation;fever;renal_failure;schistocytes;splenomegaly,4,3,5,original
Idiopathic_Intracranial_HTN,Neuro,0.001,True,elevated_opening_pressure;headache;papilledema;vision_changes,female;obesity;tinnitus;transient_visual_obscurations,fever;focal_neuro_deficit;neck_stiffness;unilateral_pain,4,4,4,original
Insulinoma,Metabolic,4e-05,True,confusion;diaphoresis;fasting_hypoglycemia;relief_with_glucose;whipple_triad,elevated_insulin_during_hypoglycemia;pancreatic_mass;weight_gain,HbA1c_elevated;high_fasting_glucose;ketoacidosis;polyuria,5,3,4,original
Iron_Deficiency_Anemia,Hemato,0.08,False,fatigue;low_MCV;low_ferritin;pallor,brittle_nails;glossitis;koilonychia;pica,high_MCV;jaundice;normal_ferritin;splenomegaly,4,4,4,original
Lung_Cancer,Pulmo,0.005,False,hemoptysis;mass_on_imaging;persistent_cough;weight_loss_rapid,clubbing;hoarseness;smoking_history;superior_vena_cava_syndrome,bilateral_hilar_lymphadenopathy;positive_AFB;reversible_airflow_obstruction;velcro_crackles,4,4,4,original
Metabolic_Syndrome,Metabolic,0.12,False,central_obesity;high_fasting_glucose;high_triglycerides;hypertension;low_HDL,acanthosis_nigricans;fatty_liver;hyperuricemia,hypotension;low_cortisol;thin_body_habitus;weight_loss_rapid,5,3,4,original
Migraine,Neuro,0.12,False,headache;nausea;photophobia,aura;duration_4_72hrs;throbbing_quality;unilateral_pain,fever;focal_neuro_deficit;neck_stiffness;papilledema,3,4,4,original
Multiple_Sclerosis,Neuro,0.003,True,fatigue;numbness;relapsing_remitting_course;vision_changes,balance_problems;lhermitte_sign;optic_neuritis;white_matter_lesions,fever;headache;papilledema;sudden_onset,4,4,4,original
Myasthenia_Gravis,Neuro,0.0002,True,diplopia;fatigable_weakness;fluctuating_symptoms;ptosis,anti_AChR_antibodies;dysphagia;positive_edrophonium_test;thymoma,areflexia;ascending_weakness;resting_tremor;sensory_loss,4,4,4,original
Osteoarthritis,Immuno,0.15,False,DIP_involvement;age_over_50;crepitus;joint_pain,Heberden_nodes;bony_enlargement;reduced_ROM;stiffness_under_30min,fever;malar_rash;morning_stiffness_over_1hr;positive_RF;symmetric_swelling,4,4,5,original
Parkinsons_Disease,Neuro,0.01,False,asymmetric_onset;bradykinesia;resting_tremor;rigidity,masked_facies;micrographia;postural_instability;shuffling_gait,fever;sudden_onset;symmetric_onset;young_age,4,4,4,original
Pericarditis,Cardio,0.003,False,diffuse_ST_elevation;pain_worse_supine;pericardial_friction_rub;pleuritic_chest_pain,fever;pericardial_effusion;viral_prodrome,ST_elevation_focal;radiation_to_arm;tearing_chest_pain;troponin_markedly_elevated,4,3,4,original
Pheochromocytoma,Metabolic,0.0002,True,diaphoresis;elevated_catecholamines;episodic_hypertension;headache;tachycardia,adrenal_mass;anxiety;pallor;palpitations,bradycardia;cold_intolerance;hypotension;low_cortisol,5,4,4,original
Polycythemia_Vera,Hemato,0.0005,True,JAK2_mutation;elevated_hematocrit;elevated_hemoglobin;splenomegaly,erythromelalgia;headache;plethora;pruritus_after_bathing,anemia;pallor;petechiae;thrombocytopenia,4,4,4,original
Primary_Hyperaldosteronism,Metabolic,0.001,True,elevated_aldosterone;hypertension;hypokalemia;low_renin,adrenal_mass;metabolic_alkalosis;muscle_weakness,elevated_cortisol;hyperkalemia;hyperpigmentation;hypotension,4,3,4,original
Psoriatic_Arthritis,Immuno,0.002,True,dactylitis;joint_pain;psoriasis,DIP_involvement;asymmetric_joint;enthesitis;nail_pitting,MSU_crystals;malar_rash;positive_RF;tophi,3,4,4,original
Pulmonary_Embolism,Cardio,0.002,False,elevated_D_dimer;pleuritic_chest_pain;sudden_dyspnea;tachycardia,Wells_score_high;hemoptysis;hypoxemia;unilateral_leg_swelling,ST_elevation;crackles;orthopnea;troponin_elevated,4,4,4,original
Pulmonary_Fibrosis,Pulmo,0.002,True,dry_cough;honeycombing_on_CT;progressive_dyspnea;velcro_crackles,age_over_50;clubbing;reduced_DLCO;restrictive_pattern,fever;reversible_airflow_obstruction;smoking_history;sputum_production,4,4,4,original
Reactive_Arthritis,Immuno,0.003,True,asymmetric_joint;conjunctivitis;preceding_infection;urethritis,HLA_B27;dactylitis;enthesitis;young_male,DIP_involvement;malar_rash;positive_RF;symmetric_swelling,4,4,4,original
Rheumatoid_Arthritis,Immuno,0.01,False,joint_pain;morning_stiffness_over_1hr;positive_RF;symmetric_swelling,MCP_PIP_involvement;elevated_ESR;fatigue;rheumatoid_nodules,DIP_involvement;asymmetric_joint;back_pain;sacroiliac_tenderness;tophi,4,4,5,original
Sarcoidosis,Immuno,0.001,True,bilateral_hilar_lymphadenopathy;fatigue;noncaseating_granulomas,cough;elevated_ACE;erythema_nodosum;hypercalcemia;uveitis,DIP_involvement;MSU_crystals;malar_rash;positive_RF,3,5,4,original
Sarcoidosis_Pulmo,Pulmo,0.001,True,bilateral_hilar_lymphadenopathy;chronic_cough;noncaseating_granulomas,elevated_ACE;erythema_nodosum;fatigue;hypercalcemia;uveitis,honeycombing_on_CT;positive_AFB;sputum_production;upper_lobe_cavitation,3,5,4,original
Sickle_Cell_Disease,Hemato,0.003,False,HbS_on_electrophoresis;chronic_hemolytic_anemia;pain_crisis;sickle_cells,African_descent;dactylitis;jaundice;splenomegaly_childhood,high_MCV;low_ferritin;normal_ferritin;target_cells,4,4,4,original
Sjogren_Syndrome,Immuno,0.004,True,dry_eyes;dry_mouth;positive_anti_SSA;positive_anti_SSB,dental_caries;fatigue;joint_pain;parotid_enlargement,DIP_involvement;dactylitis;malar_rash;tophi,4,4,4,original
Stroke_Ischemic,Neuro,0.03,False,focal_neuro_deficit;speech_difficulty;sudden_onset,arm_weakness;atrial_fibrillation;facial_droop;hypertension,bilateral_symptoms;fever;gradual_onset;neck_stiffness,3,4,4,original
Subarachnoid_Hemorrhage,Neuro,0.001,True,neck_stiffness;sudden_onset;thunderclap_headache;worst_headache_of_life,loss_of_consciousness;nausea;vomiting;xanthochromia_CSF,aura;bilateral_pain;gradual_onset;pressing_quality,4,4,4,original
Systemic_Lupus,Immuno,0.005,True,joint_pain;malar_rash;photosensitivity;positive_ANA,cytopenias;fatigue;oral_ulcers;renal_involvement;serositis,DIP_involvement;age_over_50;asymmetric_joint;crepitus;tophi,4,5,5,original
T1_Diabetes,Metabolic,0.005,False,high_fasting_glucose;ketoacidosis;polydipsia;polyuria;young_age,autoantibodies_positive;thin_body_habitus;weight_loss_rapid,acanthosis_nigricans;age_over_50;gradual_onset;obesity,5,3,4,original
T2_Diabetes,Metabolic,0.1,False,HbA1c_elevated;high_fasting_glucose;polydipsia;polyuria,acanthosis_nigricans;blurred_vision;fatigue;obesity,autoantibodies_positive;ketoacidosis;weight_loss_rapid;young_age,4,4,4,original
TTP,Hemato,3e-05,True,fever;microangiopathic_hemolytic_anemia;neurologic_symptoms;schistocytes;thrombocytopenia,elevated_LDH;low_ADAMTS13;renal_failure,isolated_thrombocytopenia;no_splenomegaly;normal_coagulation_studies,5,3,3,original
Tension_Headache,Neuro,0.2,False,bilateral_pain;headache;pressing_quality,mild_photophobia;muscle_tension;stress,aura;nausea;throbbing_quality;vomiting,3,3,4,original
Thalassemia_Trait,Hemato,0.01,False,low_MCV;mild_anemia;normal_RDW;normal_ferritin;target_cells,Mediterranean_descent;family_history;splenomegaly,high_MCV;low_B12;low_ferritin;peripheral_neuropathy,5,3,4,original
Tuberculosis,Pulmo,0.003,False,chronic_cough;night_sweats;positive_AFB;weight_loss_rapid,fever;hemoptysis;positive_PPD;upper_lobe_cavitation,barrel_chest;honeycombing_on_CT;reversible_airflow_obstruction;velcro_crackles,4,4,4,original
Infective_Endocarditis,Cardio,0.0007,True,fever_persistent;new_heart_murmur;positive_blood_cultures,Osler_nodes;Janeway_lesions;splinter_hemorrhages,no_murmur;negative_blood_cultures,3,3,2,expanded_indist
Pneumothorax,Pulmo,0.001,True,sudden_pleuritic_chest_pain;decreased_breath_sounds_unilateral;dyspnea_sudden_onset,hyperresonance_to_percussion;tracheal_deviation;tall_thin_body_habitus,bilateral_breath_sounds_equal;gradual_onset_weeks,3,3,2,expanded_indist
Trigeminal_Neuralgia,Neuro,0.0002,True,paroxysmal_facial_pain;trigger_zone_present;unilateral_facial_distribution,brief_episodes_seconds;normal_neuro_exam_between_episodes;triggered_by_light_touch,continuous_constant_pain;bilateral_symmetric_pain,3,3,2,expanded_indist
Diabetic_Ketoacidosis,Metabolic,0.008,False,hyperglycemia_severe;ketonemia;metabolic_acidosis,kussmaul_breathing;fruity_breath_odor;polyuria_polydipsia_acute,normal_blood_glucose;absent_ketones,3,3,2,expanded_indist
Anaphylaxis,Immuno,0.003,False,acute_onset_after_exposure;airway_compromise_or_hypotension;urticaria_acute,angioedema;wheezing_acute;recent_allergen_exposure,gradual_onset_over_days;no_exposure_history,3,3,2,expanded_indist
Disseminated_Intravascular_Coagulation,Hemato,0.0004,True,concurrent_bleeding_and_clotting;elevated_D_dimer;low_fibrinogen,thrombocytopenia_acute;schistocytes_on_smear;underlying_sepsis_or_trauma,isolated_bleeding_only;normal_coagulation_panel,3,3,2,expanded_indist
Acute_Kidney_Injury,Renal,0.02,False,oliguria;rising_creatinine;fluid_overload,hyperkalemia;metabolic_acidosis_renal;uremic_symptoms,normal_creatinine;preserved_urine_output,3,3,2,expanded_heldout
Nephrotic_Syndrome,Renal,0.004,False,proteinuria_heavy;hypoalbuminemia;peripheral_edema_generalized,hyperlipidemia;frothy_urine;rapid_weight_gain,gross_hematuria;normal_serum_albumin,3,3,2,expanded_heldout
Polycystic_Kidney_Disease,Renal,0.0008,True,bilateral_flank_pain;family_history_renal_disease;palpable_bilateral_kidneys,microscopic_hematuria;hypertension_early_onset;renal_cysts_on_imaging,normal_renal_imaging;no_family_history_renal,3,3,2,expanded_heldout
Renal_Cell_Carcinoma,Renal,0.0003,True,flank_mass_palpable;gross_hematuria;unintentional_weight_loss,low_grade_fever;flank_pain_dull;paraneoplastic_polycythemia,no_renal_mass_on_imaging;normal_renal_imaging,3,3,2,expanded_heldout
Glomerulonephritis,Renal,0.002,False,hematuria_with_red_cell_casts;hypertension_new_onset;periorbital_edema,recent_streptococcal_infection;low_serum_complement;proteinuria_mild,normal_urinalysis;no_red_cell_casts,3,3,2,expanded_heldout
Nephrolithiasis,Renal,0.05,False,colicky_flank_pain;microscopic_or_gross_hematuria;pain_radiating_to_groin,nausea_with_pain;dysuria;stone_visible_on_imaging,high_fever_with_sepsis;peritoneal_signs,3,3,2,expanded_heldout
Acute_Appendicitis,GI,0.07,False,RLQ_abdominal_pain;rebound_tenderness;low_grade_fever,anorexia;nausea_with_pain;migratory_periumbilical_to_RLQ_pain,LLQ_abdominal_pain;chronic_symptoms_over_years,3,3,2,expanded_heldout
Peptic_Ulcer_Disease,GI,0.1,False,epigastric_pain;NSAID_use_or_H_pylori_infection;nocturnal_epigastric_pain,bloating;early_satiety;melena_intermittent,RLQ_abdominal_pain;jaundice,3,3,2,expanded_heldout
Ulcerative_Colitis,GI,0.002,True,bloody_diarrhea_chronic;tenesmus;continuous_colonic_involvement,gradual_weight_loss;abdominal_cramping;extraintestinal_arthritis,skip_lesions_on_colonoscopy;perianal_fistula,3,3,2,expanded_heldout
Crohn_Disease,GI,0.0015,True,skip_lesions_on_colonoscopy;perianal_fistula;transmural_inflammation,abdominal_pain_chronic;gradual_weight_loss;nonbloody_diarrhea,continuous_colonic_involvement;bloody_diarrhea_massive,3,3,2,expanded_heldout
Acute_Pancreatitis,GI,0.004,False,epigastric_pain_radiating_to_back;elevated_lipase;alcohol_or_gallstone_history,nausea_with_pain;vomiting_persistent;Grey_Turner_sign,normal_lipase;RLQ_abdominal_pain,3,3,2,expanded_heldout
Acute_Cholecystitis,GI,0.003,False,RUQ_abdominal_pain;positive_Murphy_sign;low_grade_fever,nausea_with_pain;fatty_food_intolerance;gallstones_on_imaging,LUQ_abdominal_pain;normal_abdominal_imaging,3,3,2,expanded_heldout
Psoriasis,Dermato,0.03,False,silvery_scaling_plaques;extensor_surface_distribution;nail_pitting,family_history_skin_disease;koebner_phenomenon;psoriatic_joint_pain,pruritus_without_scaling;vesicular_rash,3,3,2,expanded_heldout
Cellulitis,Dermato,0.02,False,unilateral_erythema;warmth_and_swelling;low_grade_fever,recent_skin_trauma;leukocytosis;localized_tenderness,bilateral_symmetric_rash;no_warmth_on_exam,3,3,2,expanded_heldout
Allergic_Contact_Dermatitis,Dermato,0.015,False,pruritic_rash;recent_allergen_exposure;well_demarcated_rash_borders,vesicles_present;linear_rash_pattern;resolves_after_allergen_removal,systemic_symptoms_present;high_fever,3,3,2,expanded_heldout
Herpes_Zoster,Dermato,0.003,False,dermatomal_vesicular_rash;pain_preceding_rash;unilateral_distribution,prior_varicella_history;risk_of_postherpetic_neuralgia;grouped_vesicles,bilateral_symmetric_rash;painless_rash,3,3,2,expanded_heldout
Stevens_Johnson_Syndrome,Dermato,5e-05,True,mucosal_involvement;skin_detachment;recent_new_medication_exposure,high_fever;target_lesions_atypical;positive_Nikolsky_sign,no_recent_medication_change;localized_rash_only,3,3,2,expanded_heldout
Erythema_Multiforme,Dermato,0.001,True,target_lesions_typical;acral_distribution;recent_HSV_infection,mild_mucosal_involvement;self_limited_course;symmetric_distribution,extensive_skin_detachment;recent_new_medication_exposure,3,3,2,expanded_heldout
