combo_id,target_disease,confounder_disease,organ_system,evidence_level,prior_level,positive_findings,negative_findings,target_prevalence_per_100k,confounder_prevalence_per_100k
1,Acute_MI,Heart_Failure,Cardio,weak,target_rare,ST_elevation,,1,10000
2,Acute_MI,Heart_Failure,Cardio,weak,equal,ST_elevation,,1000,1000
3,Acute_MI,Heart_Failure,Cardio,weak,target_common,ST_elevation,,10000,1
4,Acute_MI,Heart_Failure,Cardio,medium,target_rare,ST_elevation;chest_pain;diaphoresis,,1,10000
5,Acute_MI,Heart_Failure,Cardio,medium,equal,ST_elevation;chest_pain;diaphoresis,,1000,1000
6,Acute_MI,Heart_Failure,Cardio,medium,target_common,ST_elevation;chest_pain;diaphoresis,,10000,1
7,Acute_MI,Heart_Failure,Cardio,strong,target_rare,ST_elevation;chest_pain;radiation_to_arm;troponin_elevated;diaphoresis;dyspnea,elevated_BNP;fatigue,1,10000
8,Acute_MI,Heart_Failure,Cardio,strong,equal,ST_elevation;chest_pain;radiation_to_arm;troponin_elevated;diaphoresis;dyspnea,elevated_BNP;fatigue,1000,1000
9,Acute_MI,Heart_Failure,Cardio,strong,target_common,ST_elevation;chest_pain;radiation_to_arm;troponin_elevated;diaphoresis;dyspnea,elevated_BNP;fatigue,10000,1
10,Pericarditis,Heart_Failure,Cardio,weak,target_rare,diffuse_ST_elevation,,1,10000
11,Pericarditis,Heart_Failure,Cardio,weak,equal,diffuse_ST_elevation,,1000,1000
12,Pericarditis,Heart_Failure,Cardio,weak,target_common,diffuse_ST_elevation,,10000,1
13,Pericarditis,Heart_Failure,Cardio,medium,target_rare,diffuse_ST_elevation;pain_worse_supine;fever,,1,10000
14,Pericarditis,Heart_Failure,Cardio,medium,equal,diffuse_ST_elevation;pain_worse_supine;fever,,1000,1000
15,Pericarditis,Heart_Failure,Cardio,medium,target_common,diffuse_ST_elevation;pain_worse_supine;fever,,10000,1
16,Pericarditis,Heart_Failure,Cardio,strong,target_rare,diffuse_ST_elevation;pain_worse_supine;pericardial_friction_rub;pleuritic_chest_pain;fever;pericardial_effusion,dyspnea;elevated_BNP,1,10000
17,Pericarditis,Heart_Failure,Cardio,strong,equal,diffuse_ST_elevation;pain_worse_supine;pericardial_friction_rub;pleuritic_chest_pain;fever;pericardial_effusion,dyspnea;elevated_BNP,1000,1000
18,Pericarditis,Heart_Failure,Cardio,strong,target_common,diffuse_ST_elevation;pain_worse_supine;pericardial_friction_rub;pleuritic_chest_pain;fever;pericardial_effusion,dyspnea;elevated_BNP,10000,1
19,Cardiac_Tamponade,Heart_Failure,Cardio,weak,target_rare,hypotension,,1,10000
20,Cardiac_Tamponade,Heart_Failure,Cardio,weak,equal,hypotension,,1000,1000
21,Cardiac_Tamponade,Heart_Failure,Cardio,weak,target_common,hypotension,,10000,1
22,Cardiac_Tamponade,Heart_Failure,Cardio,medium,target_rare,hypotension;jugular_venous_distension;electrical_alternans,,1,10000
23,Cardiac_Tamponade,Heart_Failure,Cardio,medium,equal,hypotension;jugular_venous_distension;electrical_alternans,,1000,1000
24,Cardiac_Tamponade,Heart_Failure,Cardio,medium,target_common,hypotension;jugular_venous_distension;electrical_alternans,,10000,1
25,Cardiac_Tamponade,Heart_Failure,Cardio,strong,target_rare,hypotension;jugular_venous_distension;muffled_heart_sounds;pulsus_paradoxus;electrical_alternans;pericardial_effusion,dyspnea;elevated_BNP,1,10000
26,Cardiac_Tamponade,Heart_Failure,Cardio,strong,equal,hypotension;jugular_venous_distension;muffled_heart_sounds;pulsus_paradoxus;electrical_alternans;pericardial_effusion,dyspnea;elevated_BNP,1000,1000
27,Cardiac_Tamponade,Heart_Failure,Cardio,strong,target_common,hypotension;jugular_venous_distension;muffled_heart_sounds;pulsus_paradoxus;electrical_alternans;pericardial_effusion,dyspnea;elevated_BNP,10000,1
28,Psoriasis,Cellulitis,Dermato,weak,target_rare,extensor_surface_distribution,,1,10000
29,Psoriasis,Cellulitis,Dermato,weak,equal,extensor_surface_distribution,,1000,1000
30,Psoriasis,Cellulitis,Dermato,weak,target_common,extensor_surface_distribution,,10000,1
31,Psoriasis,Cellulitis,Dermato,medium,target_rare,extensor_surface_distribution;family_history_skin_disease,,1,10000
32,Psoriasis,Cellulitis,Dermato,medium,equal,extensor_surface_distribution;family_history_skin_disease,,1000,1000
33,Psoriasis,Cellulitis,Dermato,medium,target_common,extensor_surface_distribution;family_history_skin_disease,,10000,1
34,Psoriasis,Cellulitis,Dermato,strong,target_rare,extensor_surface_distribution;nail_pitting;silvery_scaling_plaques;family_history_skin_disease;koebner_phenomenon,low_grade_fever;unilateral_erythema,1,10000
35,Psoriasis,Cellulitis,Dermato,strong,equal,extensor_surface_distribution;nail_pitting;silvery_scaling_plaques;family_history_skin_disease;koebner_phenomenon,low_grade_fever;unilateral_erythema,1000,1000
36,Psoriasis,Cellulitis,Dermato,strong,target_common,extensor_surface_distribution;nail_pitting;silvery_scaling_plaques;family_history_skin_disease;koebner_phenomenon,low_grade_fever;unilateral_erythema,10000,1
37,Stevens_Johnson_Syndrome,Psoriasis,Dermato,weak,target_rare,mucosal_involvement,,1,10000
38,Stevens_Johnson_Syndrome,Psoriasis,Dermato,weak,equal,mucosal_involvement,,1000,1000
39,Stevens_Johnson_Syndrome,Psoriasis,Dermato,weak,target_common,mucosal_involvement,,10000,1
40,Stevens_Johnson_Syndrome,Psoriasis,Dermato,medium,target_rare,mucosal_involvement;high_fever,,1,10000
41,Stevens_Johnson_Syndrome,Psoriasis,Dermato,medium,equal,mucosal_involvement;high_fever,,1000,1000
42,Stevens_Johnson_Syndrome,Psoriasis,Dermato,medium,target_common,mucosal_involvement;high_fever,,10000,1
43,Stevens_Johnson_Syndrome,Psoriasis,Dermato,strong,target_rare,mucosal_involvement;recent_new_medication_exposure;skin_detachment;high_fever;positive_Nikolsky_sign,extensor_surface_distribution;nail_pitting,1,10000
44,Stevens_Johnson_Syndrome,Psoriasis,Dermato,strong,equal,mucosal_involvement;recent_new_medication_exposure;skin_detachment;high_fever;positive_Nikolsky_sign,extensor_surface_distribution;nail_pitting,1000,1000
45,Stevens_Johnson_Syndrome,Psoriasis,Dermato,strong,target_common,mucosal_involvement;recent_new_medication_exposure;skin_detachment;high_fever;positive_Nikolsky_sign,extensor_surface_distribution;nail_pitting,10000,1
46,Allergic_Contact_Dermatitis,Psoriasis,Dermato,weak,target_rare,pruritic_rash,,1,10000
47,Allergic_Contact_Dermatitis,Psoriasis,Dermato,weak,equal,pruritic_rash,,1000,1000
48,Allergic_Contact_Dermatitis,Psoriasis,Dermato,weak,target_common,pruritic_rash,,10000,1
49,Allergic_Contact_Dermatitis,Psoriasis,Dermato,medium,target_rare,pruritic_rash;linear_rash_pattern,,1,10000
50,Allergic_Contact_Dermatitis,Psoriasis,Dermato,medium,equal,pruritic_rash;linear_rash_pattern,,1000,1000
51,Allergic_Contact_Dermatitis,Psoriasis,Dermato,medium,target_common,pruritic_rash;linear_rash_pattern,,10000,1
52,Allergic_Contact_Dermatitis,Psoriasis,Dermato,strong,target_rare,pruritic_rash;recent_allergen_exposure;well_demarcated_rash_borders;linear_rash_pattern;resolves_after_allergen_removal,extensor_surface_distribution;nail_pitting,1,10000
53,Allergic_Contact_Dermatitis,Psoriasis,Dermato,strong,equal,pruritic_rash;recent_allergen_exposure;well_demarcated_rash_borders;linear_rash_pattern;resolves_after_allergen_removal,extensor_surface_distribution;nail_pitting,1000,1000
54,Allergic_Contact_Dermatitis,Psoriasis,Dermato,strong,target_common,pruritic_rash;recent_allergen_exposure;well_demarcated_rash_borders;linear_rash_pattern;resolves_after_allergen_removal,extensor_surface_distribution;nail_pitting,10000,1
55,Acute_Appendicitis,Peptic_Ulcer_Disease,GI,weak,target_rare,RLQ_abdominal_pain,,1,10000
56,Acute_Appendicitis,Peptic_Ulcer_Disease,GI,weak,equal,RLQ_abdominal_pain,,1000,1000
57,Acute_Appendicitis,Peptic_Ulcer_Disease,GI,weak,target_common,RLQ_abdominal_pain,,10000,1
58,Acute_Appendicitis,Peptic_Ulcer_Disease,GI,medium,target_rare,RLQ_abdominal_pain;anorexia,,1,10000
59,Acute_Appendicitis,Peptic_Ulcer_Disease,GI,medium,equal,RLQ_abdominal_pain;anorexia,,1000,1000
60,Acute_Appendicitis,Peptic_Ulcer_Disease,GI,medium,target_common,RLQ_abdominal_pain;anorexia,,10000,1
61,Acute_Appendicitis,Peptic_Ulcer_Disease,GI,strong,target_rare,RLQ_abdominal_pain;low_grade_fever;rebound_tenderness;anorexia;migratory_periumbilical_to_RLQ_pain,NSAID_use_or_H_pylori_infection;epigastric_pain,1,10000
62,Acute_Appendicitis,Peptic_Ulcer_Disease,GI,strong,equal,RLQ_abdominal_pain;low_grade_fever;rebound_tenderness;anorexia;migratory_periumbilical_to_RLQ_pain,NSAID_use_or_H_pylori_infection;epigastric_pain,1000,1000
63,Acute_Appendicitis,Peptic_Ulcer_Disease,GI,strong,target_common,RLQ_abdominal_pain;low_grade_fever;rebound_tenderness;anorexia;migratory_periumbilical_to_RLQ_pain,NSAID_use_or_H_pylori_infection;epigastric_pain,10000,1
64,Acute_Pancreatitis,Peptic_Ulcer_Disease,GI,weak,target_rare,alcohol_or_gallstone_history,,1,10000
65,Acute_Pancreatitis,Peptic_Ulcer_Disease,GI,weak,equal,alcohol_or_gallstone_history,,1000,1000
66,Acute_Pancreatitis,Peptic_Ulcer_Disease,GI,weak,target_common,alcohol_or_gallstone_history,,10000,1
67,Acute_Pancreatitis,Peptic_Ulcer_Disease,GI,medium,target_rare,alcohol_or_gallstone_history;Grey_Turner_sign,,1,10000
68,Acute_Pancreatitis,Peptic_Ulcer_Disease,GI,medium,equal,alcohol_or_gallstone_history;Grey_Turner_sign,,1000,1000
69,Acute_Pancreatitis,Peptic_Ulcer_Disease,GI,medium,target_common,alcohol_or_gallstone_history;Grey_Turner_sign,,10000,1
70,Acute_Pancreatitis,Peptic_Ulcer_Disease,GI,strong,target_rare,alcohol_or_gallstone_history;elevated_lipase;epigastric_pain_radiating_to_back;Grey_Turner_sign;nausea_with_pain,NSAID_use_or_H_pylori_infection;epigastric_pain,1,10000
71,Acute_Pancreatitis,Peptic_Ulcer_Disease,GI,strong,equal,alcohol_or_gallstone_history;elevated_lipase;epigastric_pain_radiating_to_back;Grey_Turner_sign;nausea_with_pain,NSAID_use_or_H_pylori_infection;epigastric_pain,1000,1000
72,Acute_Pancreatitis,Peptic_Ulcer_Disease,GI,strong,target_common,alcohol_or_gallstone_history;elevated_lipase;epigastric_pain_radiating_to_back;Grey_Turner_sign;nausea_with_pain,NSAID_use_or_H_pylori_infection;epigastric_pain,10000,1
73,Ulcerative_Colitis,Peptic_Ulcer_Disease,GI,weak,target_rare,bloody_diarrhea_chronic,,1,10000
74,Ulcerative_Colitis,Peptic_Ulcer_Disease,GI,weak,equal,bloody_diarrhea_chronic,,1000,1000
75,Ulcerative_Colitis,Peptic_Ulcer_Disease,GI,weak,target_common,bloody_diarrhea_chronic,,10000,1
76,Ulcerative_Colitis,Peptic_Ulcer_Disease,GI,medium,target_rare,bloody_diarrhea_chronic;abdominal_cramping,,1,10000
77,Ulcerative_Colitis,Peptic_Ulcer_Disease,GI,medium,equal,bloody_diarrhea_chronic;abdominal_cramping,,1000,1000
78,Ulcerative_Colitis,Peptic_Ulcer_Disease,GI,medium,target_common,bloody_diarrhea_chronic;abdominal_cramping,,10000,1
79,Ulcerative_Colitis,Peptic_Ulcer_Disease,GI,strong,target_rare,bloody_diarrhea_chronic;continuous_colonic_involvement;tenesmus;abdominal_cramping;extraintestinal_arthritis,NSAID_use_or_H_pylori_infection;epigastric_pain,1,10000
80,Ulcerative_Colitis,Peptic_Ulcer_Disease,GI,strong,equal,bloody_diarrhea_chronic;continuous_colonic_involvement;tenesmus;abdominal_cramping;extraintestinal_arthritis,NSAID_use_or_H_pylori_infection;epigastric_pain,1000,1000
81,Ulcerative_Colitis,Peptic_Ulcer_Disease,GI,strong,target_common,bloody_diarrhea_chronic;continuous_colonic_involvement;tenesmus;abdominal_cramping;extraintestinal_arthritis,NSAID_use_or_H_pylori_infection;epigastric_pain,10000,1
82,Polycythemia_Vera,Iron_Deficiency_Anemia,Hemato,weak,target_rare,JAK2_mutation,,1,10000
83,Polycythemia_Vera,Iron_Deficiency_Anemia,Hemato,weak,equal,JAK2_mutation,,1000,1000
84,Polycythemia_Vera,Iron_Deficiency_Anemia,Hemato,weak,target_common,JAK2_mutation,,10000,1
85,Polycythemia_Vera,Iron_Deficiency_Anemia,Hemato,medium,target_rare,JAK2_mutation;elevated_hematocrit;erythromelalgia,,1,10000
86,Polycythemia_Vera,Iron_Deficiency_Anemia,Hemato,medium,equal,JAK2_mutation;elevated_hematocrit;erythromelalgia,,1000,1000
87,Polycythemia_Vera,Iron_Deficiency_Anemia,Hemato,medium,target_common,JAK2_mutation;elevated_hematocrit;erythromelalgia,,10000,1
88,Polycythemia_Vera,Iron_Deficiency_Anemia,Hemato,strong,target_rare,JAK2_mutation;elevated_hematocrit;elevated_hemoglobin;splenomegaly;erythromelalgia;headache,fatigue;low_MCV,1,10000
89,Polycythemia_Vera,Iron_Deficiency_Anemia,Hemato,strong,equal,JAK2_mutation;elevated_hematocrit;elevated_hemoglobin;splenomegaly;erythromelalgia;headache,fatigue;low_MCV,1000,1000
90,Polycythemia_Vera,Iron_Deficiency_Anemia,Hemato,strong,target_common,JAK2_mutation;elevated_hematocrit;elevated_hemoglobin;splenomegaly;erythromelalgia;headache,fatigue;low_MCV,10000,1
91,Iron_Deficiency_Anemia,B12_Deficiency,Hemato,weak,target_rare,fatigue,,1,10000
92,Iron_Deficiency_Anemia,B12_Deficiency,Hemato,weak,equal,fatigue,,1000,1000
93,Iron_Deficiency_Anemia,B12_Deficiency,Hemato,weak,target_common,fatigue,,10000,1
94,Iron_Deficiency_Anemia,B12_Deficiency,Hemato,medium,target_rare,fatigue;low_MCV;brittle_nails,,1,10000
95,Iron_Deficiency_Anemia,B12_Deficiency,Hemato,medium,equal,fatigue;low_MCV;brittle_nails,,1000,1000
96,Iron_Deficiency_Anemia,B12_Deficiency,Hemato,medium,target_common,fatigue;low_MCV;brittle_nails,,10000,1
97,Iron_Deficiency_Anemia,B12_Deficiency,Hemato,strong,target_rare,fatigue;low_MCV;low_ferritin;pallor;brittle_nails;glossitis,high_MCV;low_B12,1,10000
98,Iron_Deficiency_Anemia,B12_Deficiency,Hemato,strong,equal,fatigue;low_MCV;low_ferritin;pallor;brittle_nails;glossitis,high_MCV;low_B12,1000,1000
99,Iron_Deficiency_Anemia,B12_Deficiency,Hemato,strong,target_common,fatigue;low_MCV;low_ferritin;pallor;brittle_nails;glossitis,high_MCV;low_B12,10000,1
100,Hemophilia_A,Iron_Deficiency_Anemia,Hemato,weak,target_rare,hemarthrosis,,1,10000
101,Hemophilia_A,Iron_Deficiency_Anemia,Hemato,weak,equal,hemarthrosis,,1000,1000
102,Hemophilia_A,Iron_Deficiency_Anemia,Hemato,weak,target_common,hemarthrosis,,10000,1
103,Hemophilia_A,Iron_Deficiency_Anemia,Hemato,medium,target_rare,hemarthrosis;low_factor_VIII;easy_bruising,,1,10000
104,Hemophilia_A,Iron_Deficiency_Anemia,Hemato,medium,equal,hemarthrosis;low_factor_VIII;easy_bruising,,1000,1000
105,Hemophilia_A,Iron_Deficiency_Anemia,Hemato,medium,target_common,hemarthrosis;low_factor_VIII;easy_bruising,,10000,1
106,Hemophilia_A,Iron_Deficiency_Anemia,Hemato,strong,target_rare,hemarthrosis;low_factor_VIII;prolonged_aPTT;prolonged_bleeding;easy_bruising;family_history,fatigue;low_MCV,1,10000
107,Hemophilia_A,Iron_Deficiency_Anemia,Hemato,strong,equal,hemarthrosis;low_factor_VIII;prolonged_aPTT;prolonged_bleeding;easy_bruising;family_history,fatigue;low_MCV,1000,1000
108,Hemophilia_A,Iron_Deficiency_Anemia,Hemato,strong,target_common,hemarthrosis;low_factor_VIII;prolonged_aPTT;prolonged_bleeding;easy_bruising;family_history,fatigue;low_MCV,10000,1
109,Anaphylaxis,Allergic_Rhinitis,Immuno,weak,target_rare,acute_onset_after_exposure,,1,10000
110,Anaphylaxis,Allergic_Rhinitis,Immuno,weak,equal,acute_onset_after_exposure,,1000,1000
111,Anaphylaxis,Allergic_Rhinitis,Immuno,weak,target_common,acute_onset_after_exposure,,10000,1
112,Anaphylaxis,Allergic_Rhinitis,Immuno,medium,target_rare,acute_onset_after_exposure;angioedema,,1,10000
113,Anaphylaxis,Allergic_Rhinitis,Immuno,medium,equal,acute_onset_after_exposure;angioedema,,1000,1000
114,Anaphylaxis,Allergic_Rhinitis,Immuno,medium,target_common,acute_onset_after_exposure;angioedema,,10000,1
115,Anaphylaxis,Allergic_Rhinitis,Immuno,strong,target_rare,acute_onset_after_exposure;airway_compromise_or_hypotension;urticaria_acute;angioedema;recent_allergen_exposure,itching;nasal_congestion,1,10000
116,Anaphylaxis,Allergic_Rhinitis,Immuno,strong,equal,acute_onset_after_exposure;airway_compromise_or_hypotension;urticaria_acute;angioedema;recent_allergen_exposure,itching;nasal_congestion,1000,1000
117,Anaphylaxis,Allergic_Rhinitis,Immuno,strong,target_common,acute_onset_after_exposure;airway_compromise_or_hypotension;urticaria_acute;angioedema;recent_allergen_exposure,itching;nasal_congestion,10000,1
118,Allergic_Rhinitis,Osteoarthritis,Immuno,weak,target_rare,itching,,1,10000
119,Allergic_Rhinitis,Osteoarthritis,Immuno,weak,equal,itching,,1000,1000
120,Allergic_Rhinitis,Osteoarthritis,Immuno,weak,target_common,itching,,10000,1
121,Allergic_Rhinitis,Osteoarthritis,Immuno,medium,target_rare,itching;nasal_congestion;clear_rhinorrhea,,1,10000
122,Allergic_Rhinitis,Osteoarthritis,Immuno,medium,equal,itching;nasal_congestion;clear_rhinorrhea,,1000,1000
123,Allergic_Rhinitis,Osteoarthritis,Immuno,medium,target_common,itching;nasal_congestion;clear_rhinorrhea,,10000,1
124,Allergic_Rhinitis,Osteoarthritis,Immuno,strong,target_rare,itching;nasal_congestion;sneezing;watery_eyes;clear_rhinorrhea;pale_nasal_mucosa,DIP_involvement;age_over_50,1,10000
125,Allergic_Rhinitis,Osteoarthritis,Immuno,strong,equal,itching;nasal_congestion;sneezing;watery_eyes;clear_rhinorrhea;pale_nasal_mucosa,DIP_involvement;age_over_50,1000,1000
126,Allergic_Rhinitis,Osteoarthritis,Immuno,strong,target_common,itching;nasal_congestion;sneezing;watery_eyes;clear_rhinorrhea;pale_nasal_mucosa,DIP_involvement;age_over_50,10000,1
127,Osteoarthritis,Allergic_Rhinitis,Immuno,weak,target_rare,DIP_involvement,,1,10000
128,Osteoarthritis,Allergic_Rhinitis,Immuno,weak,equal,DIP_involvement,,1000,1000
129,Osteoarthritis,Allergic_Rhinitis,Immuno,weak,target_common,DIP_involvement,,10000,1
130,Osteoarthritis,Allergic_Rhinitis,Immuno,medium,target_rare,DIP_involvement;age_over_50;Heberden_nodes,,1,10000
131,Osteoarthritis,Allergic_Rhinitis,Immuno,medium,equal,DIP_involvement;age_over_50;Heberden_nodes,,1000,1000
132,Osteoarthritis,Allergic_Rhinitis,Immuno,medium,target_common,DIP_involvement;age_over_50;Heberden_nodes,,10000,1
133,Osteoarthritis,Allergic_Rhinitis,Immuno,strong,target_rare,DIP_involvement;age_over_50;crepitus;joint_pain;Heberden_nodes;bony_enlargement,itching;nasal_congestion,1,10000
134,Osteoarthritis,Allergic_Rhinitis,Immuno,strong,equal,DIP_involvement;age_over_50;crepitus;joint_pain;Heberden_nodes;bony_enlargement,itching;nasal_congestion,1000,1000
135,Osteoarthritis,Allergic_Rhinitis,Immuno,strong,target_common,DIP_involvement;age_over_50;crepitus;joint_pain;Heberden_nodes;bony_enlargement,itching;nasal_congestion,10000,1
136,Diabetic_Ketoacidosis,Metabolic_Syndrome,Metabolic,weak,target_rare,hyperglycemia_severe,,1,10000
137,Diabetic_Ketoacidosis,Metabolic_Syndrome,Metabolic,weak,equal,hyperglycemia_severe,,1000,1000
138,Diabetic_Ketoacidosis,Metabolic_Syndrome,Metabolic,weak,target_common,hyperglycemia_severe,,10000,1
139,Diabetic_Ketoacidosis,Metabolic_Syndrome,Metabolic,medium,target_rare,hyperglycemia_severe;fruity_breath_odor,,1,10000
140,Diabetic_Ketoacidosis,Metabolic_Syndrome,Metabolic,medium,equal,hyperglycemia_severe;fruity_breath_odor,,1000,1000
141,Diabetic_Ketoacidosis,Metabolic_Syndrome,Metabolic,medium,target_common,hyperglycemia_severe;fruity_breath_odor,,10000,1
142,Diabetic_Ketoacidosis,Metabolic_Syndrome,Metabolic,strong,target_rare,hyperglycemia_severe;ketonemia;metabolic_acidosis;fruity_breath_odor;kussmaul_breathing,central_obesity;high_fasting_glucose,1,10000
143,Diabetic_Ketoacidosis,Metabolic_Syndrome,Metabolic,strong,equal,hyperglycemia_severe;ketonemia;metabolic_acidosis;fruity_breath_odor;kussmaul_breathing,central_obesity;high_fasting_glucose,1000,1000
144,Diabetic_Ketoacidosis,Metabolic_Syndrome,Metabolic,strong,target_common,hyperglycemia_severe;ketonemia;metabolic_acidosis;fruity_breath_odor;kussmaul_breathing,central_obesity;high_fasting_glucose,10000,1
145,Addison_Disease,Metabolic_Syndrome,Metabolic,weak,target_rare,fatigue,,1,10000
146,Addison_Disease,Metabolic_Syndrome,Metabolic,weak,equal,fatigue,,1000,1000
147,Addison_Disease,Metabolic_Syndrome,Metabolic,weak,target_common,fatigue,,10000,1
148,Addison_Disease,Metabolic_Syndrome,Metabolic,medium,target_rare,fatigue;hyperpigmentation;hyperkalemia,,1,10000
149,Addison_Disease,Metabolic_Syndrome,Metabolic,medium,equal,fatigue;hyperpigmentation;hyperkalemia,,1000,1000
150,Addison_Disease,Metabolic_Syndrome,Metabolic,medium,target_common,fatigue;hyperpigmentation;hyperkalemia,,10000,1
151,Addison_Disease,Metabolic_Syndrome,Metabolic,strong,target_rare,fatigue;hyperpigmentation;hyponatremia;hypotension;low_cortisol;hyperkalemia;nausea,central_obesity;high_fasting_glucose,1,10000
152,Addison_Disease,Metabolic_Syndrome,Metabolic,strong,equal,fatigue;hyperpigmentation;hyponatremia;hypotension;low_cortisol;hyperkalemia;nausea,central_obesity;high_fasting_glucose,1000,1000
153,Addison_Disease,Metabolic_Syndrome,Metabolic,strong,target_common,fatigue;hyperpigmentation;hyponatremia;hypotension;low_cortisol;hyperkalemia;nausea,central_obesity;high_fasting_glucose,10000,1
154,Hypothyroidism,Metabolic_Syndrome,Metabolic,weak,target_rare,cold_intolerance,,1,10000
155,Hypothyroidism,Metabolic_Syndrome,Metabolic,weak,equal,cold_intolerance,,1000,1000
156,Hypothyroidism,Metabolic_Syndrome,Metabolic,weak,target_common,cold_intolerance,,10000,1
157,Hypothyroidism,Metabolic_Syndrome,Metabolic,medium,target_rare,cold_intolerance;elevated_TSH;bradycardia,,1,10000
158,Hypothyroidism,Metabolic_Syndrome,Metabolic,medium,equal,cold_intolerance;elevated_TSH;bradycardia,,1000,1000
159,Hypothyroidism,Metabolic_Syndrome,Metabolic,medium,target_common,cold_intolerance;elevated_TSH;bradycardia,,10000,1
160,Hypothyroidism,Metabolic_Syndrome,Metabolic,strong,target_rare,cold_intolerance;elevated_TSH;fatigue;weight_gain;bradycardia;constipation,central_obesity;high_fasting_glucose,1,10000
161,Hypothyroidism,Metabolic_Syndrome,Metabolic,strong,equal,cold_intolerance;elevated_TSH;fatigue;weight_gain;bradycardia;constipation,central_obesity;high_fasting_glucose,1000,1000
162,Hypothyroidism,Metabolic_Syndrome,Metabolic,strong,target_common,cold_intolerance;elevated_TSH;fatigue;weight_gain;bradycardia;constipation,central_obesity;high_fasting_glucose,10000,1
163,Parkinsons_Disease,Tension_Headache,Neuro,weak,target_rare,asymmetric_onset,,1,10000
164,Parkinsons_Disease,Tension_Headache,Neuro,weak,equal,asymmetric_onset,,1000,1000
165,Parkinsons_Disease,Tension_Headache,Neuro,weak,target_common,asymmetric_onset,,10000,1
166,Parkinsons_Disease,Tension_Headache,Neuro,medium,target_rare,asymmetric_onset;bradykinesia;masked_facies,,1,10000
167,Parkinsons_Disease,Tension_Headache,Neuro,medium,equal,asymmetric_onset;bradykinesia;masked_facies,,1000,1000
168,Parkinsons_Disease,Tension_Headache,Neuro,medium,target_common,asymmetric_onset;bradykinesia;masked_facies,,10000,1
169,Parkinsons_Disease,Tension_Headache,Neuro,strong,target_rare,asymmetric_onset;bradykinesia;resting_tremor;rigidity;masked_facies;micrographia,bilateral_pain;headache,1,10000
170,Parkinsons_Disease,Tension_Headache,Neuro,strong,equal,asymmetric_onset;bradykinesia;resting_tremor;rigidity;masked_facies;micrographia,bilateral_pain;headache,1000,1000
171,Parkinsons_Disease,Tension_Headache,Neuro,strong,target_common,asymmetric_onset;bradykinesia;resting_tremor;rigidity;masked_facies;micrographia,bilateral_pain;headache,10000,1
172,Myasthenia_Gravis,Tension_Headache,Neuro,weak,target_rare,diplopia,,1,10000
173,Myasthenia_Gravis,Tension_Headache,Neuro,weak,equal,diplopia,,1000,1000
174,Myasthenia_Gravis,Tension_Headache,Neuro,weak,target_common,diplopia,,10000,1
175,Myasthenia_Gravis,Tension_Headache,Neuro,medium,target_rare,diplopia;fatigable_weakness;anti_AChR_antibodies,,1,10000
176,Myasthenia_Gravis,Tension_Headache,Neuro,medium,equal,diplopia;fatigable_weakness;anti_AChR_antibodies,,1000,1000
177,Myasthenia_Gravis,Tension_Headache,Neuro,medium,target_common,diplopia;fatigable_weakness;anti_AChR_antibodies,,10000,1
178,Myasthenia_Gravis,Tension_Headache,Neuro,strong,target_rare,diplopia;fatigable_weakness;fluctuating_symptoms;ptosis;anti_AChR_antibodies;dysphagia,bilateral_pain;headache,1,10000
179,Myasthenia_Gravis,Tension_Headache,Neuro,strong,equal,diplopia;fatigable_weakness;fluctuating_symptoms;ptosis;anti_AChR_antibodies;dysphagia,bilateral_pain;headache,1000,1000
180,Myasthenia_Gravis,Tension_Headache,Neuro,strong,target_common,diplopia;fatigable_weakness;fluctuating_symptoms;ptosis;anti_AChR_antibodies;dysphagia,bilateral_pain;headache,10000,1
181,Idiopathic_Intracranial_HTN,Tension_Headache,Neuro,weak,target_rare,elevated_opening_pressure,,1,10000
182,Idiopathic_Intracranial_HTN,Tension_Headache,Neuro,weak,equal,elevated_opening_pressure,,1000,1000
183,Idiopathic_Intracranial_HTN,Tension_Headache,Neuro,weak,target_common,elevated_opening_pressure,,10000,1
184,Idiopathic_Intracranial_HTN,Tension_Headache,Neuro,medium,target_rare,elevated_opening_pressure;headache;female,,1,10000
185,Idiopathic_Intracranial_HTN,Tension_Headache,Neuro,medium,equal,elevated_opening_pressure;headache;female,,1000,1000
186,Idiopathic_Intracranial_HTN,Tension_Headache,Neuro,medium,target_common,elevated_opening_pressure;headache;female,,10000,1
187,Idiopathic_Intracranial_HTN,Tension_Headache,Neuro,strong,target_rare,elevated_opening_pressure;headache;papilledema;vision_changes;female;obesity,bilateral_pain;pressing_quality,1,10000
188,Idiopathic_Intracranial_HTN,Tension_Headache,Neuro,strong,equal,elevated_opening_pressure;headache;papilledema;vision_changes;female;obesity,bilateral_pain;pressing_quality,1000,1000
189,Idiopathic_Intracranial_HTN,Tension_Headache,Neuro,strong,target_common,elevated_opening_pressure;headache;papilledema;vision_changes;female;obesity,bilateral_pain;pressing_quality,10000,1
190,COPD,Community_Pneumonia,Pulmo,weak,target_rare,chronic_cough,,1,10000
191,COPD,Community_Pneumonia,Pulmo,weak,equal,chronic_cough,,1000,1000
192,COPD,Community_Pneumonia,Pulmo,weak,target_common,chronic_cough,,10000,1
193,COPD,Community_Pneumonia,Pulmo,medium,target_rare,chronic_cough;chronic_dyspnea;FEV1_reduced,,1,10000
194,COPD,Community_Pneumonia,Pulmo,medium,equal,chronic_cough;chronic_dyspnea;FEV1_reduced,,1000,1000
195,COPD,Community_Pneumonia,Pulmo,medium,target_common,chronic_cough;chronic_dyspnea;FEV1_reduced,,10000,1
196,COPD,Community_Pneumonia,Pulmo,strong,target_rare,chronic_cough;chronic_dyspnea;smoking_history;sputum_production;FEV1_reduced;barrel_chest,crackles;fever,1,10000
197,COPD,Community_Pneumonia,Pulmo,strong,equal,chronic_cough;chronic_dyspnea;smoking_history;sputum_production;FEV1_reduced;barrel_chest,crackles;fever,1000,1000
198,COPD,Community_Pneumonia,Pulmo,strong,target_common,chronic_cough;chronic_dyspnea;smoking_history;sputum_production;FEV1_reduced;barrel_chest,crackles;fever,10000,1
199,Sarcoidosis_Pulmo,COPD,Pulmo,weak,target_rare,bilateral_hilar_lymphadenopathy,,1,10000
200,Sarcoidosis_Pulmo,COPD,Pulmo,weak,equal,bilateral_hilar_lymphadenopathy,,1000,1000
201,Sarcoidosis_Pulmo,COPD,Pulmo,weak,target_common,bilateral_hilar_lymphadenopathy,,10000,1
202,Sarcoidosis_Pulmo,COPD,Pulmo,medium,target_rare,bilateral_hilar_lymphadenopathy;elevated_ACE,,1,10000
203,Sarcoidosis_Pulmo,COPD,Pulmo,medium,equal,bilateral_hilar_lymphadenopathy;elevated_ACE,,1000,1000
204,Sarcoidosis_Pulmo,COPD,Pulmo,medium,target_common,bilateral_hilar_lymphadenopathy;elevated_ACE,,10000,1
205,Sarcoidosis_Pulmo,COPD,Pulmo,strong,target_rare,bilateral_hilar_lymphadenopathy;chronic_cough;noncaseating_granulomas;elevated_ACE;erythema_nodosum,chronic_dyspnea;smoking_history,1,10000
206,Sarcoidosis_Pulmo,COPD,Pulmo,strong,equal,bilateral_hilar_lymphadenopathy;chronic_cough;noncaseating_granulomas;elevated_ACE;erythema_nodosum,chronic_dyspnea;smoking_history,1000,1000
207,Sarcoidosis_Pulmo,COPD,Pulmo,strong,target_common,bilateral_hilar_lymphadenopathy;chronic_cough;noncaseating_granulomas;elevated_ACE;erythema_nodosum,chronic_dyspnea;smoking_history,10000,1
208,Lung_Cancer,COPD,Pulmo,weak,target_rare,hemoptysis,,1,10000
209,Lung_Cancer,COPD,Pulmo,weak,equal,hemoptysis,,1000,1000
210,Lung_Cancer,COPD,Pulmo,weak,target_common,hemoptysis,,10000,1
211,Lung_Cancer,COPD,Pulmo,medium,target_rare,hemoptysis;mass_on_imaging;clubbing,,1,10000
212,Lung_Cancer,COPD,Pulmo,medium,equal,hemoptysis;mass_on_imaging;clubbing,,1000,1000
213,Lung_Cancer,COPD,Pulmo,medium,target_common,hemoptysis;mass_on_imaging;clubbing,,10000,1
214,Lung_Cancer,COPD,Pulmo,strong,target_rare,hemoptysis;mass_on_imaging;persistent_cough;weight_loss_rapid;clubbing;hoarseness,chronic_cough;chronic_dyspnea,1,10000
215,Lung_Cancer,COPD,Pulmo,strong,equal,hemoptysis;mass_on_imaging;persistent_cough;weight_loss_rapid;clubbing;hoarseness,chronic_cough;chronic_dyspnea,1000,1000
216,Lung_Cancer,COPD,Pulmo,strong,target_common,hemoptysis;mass_on_imaging;persistent_cough;weight_loss_rapid;clubbing;hoarseness,chronic_cough;chronic_dyspnea,10000,1
217,Acute_Kidney_Injury,Nephrolithiasis,Renal,weak,target_rare,fluid_overload,,1,10000
218,Acute_Kidney_Injury,Nephrolithiasis,Renal,weak,equal,fluid_overload,,1000,1000
219,Acute_Kidney_Injury,Nephrolithiasis,Renal,weak,target_common,fluid_overload,,10000,1
220,Acute_Kidney_Injury,Nephrolithiasis,Renal,medium,target_rare,fluid_overload;hyperkalemia,,1,10000
221,Acute_Kidney_Injury,Nephrolithiasis,Renal,medium,equal,fluid_overload;hyperkalemia,,1000,1000
222,Acute_Kidney_Injury,Nephrolithiasis,Renal,medium,target_common,fluid_overload;hyperkalemia,,10000,1
223,Acute_Kidney_Injury,Nephrolithiasis,Renal,strong,target_rare,fluid_overload;oliguria;rising_creatinine;hyperkalemia;metabolic_acidosis_renal,colicky_flank_pain;microscopic_or_gross_hematuria,1,10000
224,Acute_Kidney_Injury,Nephrolithiasis,Renal,strong,equal,fluid_overload;oliguria;rising_creatinine;hyperkalemia;metabolic_acidosis_renal,colicky_flank_pain;microscopic_or_gross_hematuria,1000,1000
225,Acute_Kidney_Injury,Nephrolithiasis,Renal,strong,target_common,fluid_overload;oliguria;rising_creatinine;hyperkalemia;metabolic_acidosis_renal,colicky_flank_pain;microscopic_or_gross_hematuria,10000,1
226,Glomerulonephritis,Nephrolithiasis,Renal,weak,target_rare,hematuria_with_red_cell_casts,,1,10000
227,Glomerulonephritis,Nephrolithiasis,Renal,weak,equal,hematuria_with_red_cell_casts,,1000,1000
228,Glomerulonephritis,Nephrolithiasis,Renal,weak,target_common,hematuria_with_red_cell_casts,,10000,1
229,Glomerulonephritis,Nephrolithiasis,Renal,medium,target_rare,hematuria_with_red_cell_casts;low_serum_complement,,1,10000
230,Glomerulonephritis,Nephrolithiasis,Renal,medium,equal,hematuria_with_red_cell_casts;low_serum_complement,,1000,1000
231,Glomerulonephritis,Nephrolithiasis,Renal,medium,target_common,hematuria_with_red_cell_casts;low_serum_complement,,10000,1
232,Glomerulonephritis,Nephrolithiasis,Renal,strong,target_rare,hematuria_with_red_cell_casts;hypertension_new_onset;periorbital_edema;low_serum_complement;proteinuria_mild,colicky_flank_pain;microscopic_or_gross_hematuria,1,10000
233,Glomerulonephritis,Nephrolithiasis,Renal,strong,equal,hematuria_with_red_cell_casts;hypertension_new_onset;periorbital_edema;low_serum_complement;proteinuria_mild,colicky_flank_pain;microscopic_or_gross_hematuria,1000,1000
234,Glomerulonephritis,Nephrolithiasis,Renal,strong,target_common,hematuria_with_red_cell_casts;hypertension_new_onset;periorbital_edema;low_serum_complement;proteinuria_mild,colicky_flank_pain;microscopic_or_gross_hematuria,10000,1
235,Polycystic_Kidney_Disease,Nephrolithiasis,Renal,weak,target_rare,bilateral_flank_pain,,1,10000
236,Polycystic_Kidney_Disease,Nephrolithiasis,Renal,weak,equal,bilateral_flank_pain,,1000,1000
237,Polycystic_Kidney_Disease,Nephrolithiasis,Renal,weak,target_common,bilateral_flank_pain,,10000,1
238,Polycystic_Kidney_Disease,Nephrolithiasis,Renal,medium,target_rare,bilateral_flank_pain;hypertension_early_onset,,1,10000
239,Polycystic_Kidney_Disease,Nephrolithiasis,Renal,medium,equal,bilateral_flank_pain;hypertension_early_onset,,1000,1000
240,Polycystic_Kidney_Disease,Nephrolithiasis,Renal,medium,target_common,bilateral_flank_pain;hypertension_early_onset,,10000,1
241,Polycystic_Kidney_Disease,Nephrolithiasis,Renal,strong,target_rare,bilateral_flank_pain;family_history_renal_disease;palpable_bilateral_kidneys;hypertension_early_onset;microscopic_hematuria,colicky_flank_pain;microscopic_or_gross_hematuria,1,10000
242,Polycystic_Kidney_Disease,Nephrolithiasis,Renal,strong,equal,bilateral_flank_pain;family_history_renal_disease;palpable_bilateral_kidneys;hypertension_early_onset;microscopic_hematuria,colicky_flank_pain;microscopic_or_gross_hematuria,1000,1000
243,Polycystic_Kidney_Disease,Nephrolithiasis,Renal,strong,target_common,bilateral_flank_pain;family_history_renal_disease;palpable_bilateral_kidneys;hypertension_early_onset;microscopic_hematuria,colicky_flank_pain;microscopic_or_gross_hematuria,10000,1
