experiment,n_tasks,total_gpu_hours,n_completed
ablation_ct,2,1.1502777777777777,2
causalgrid,19,9.086944444444445,0
combined,8,0.32861111111111113,8
constrained,8,1.0988888888888888,8
debugguided,2,0.06694444444444445,2
fcextend,9,0.7963888888888888,0
fcmistral,1,0.006944444444444444,0
fcq15b,1,0.08861111111111111,0
fcq15b2,1,0.3783333333333333,1
fcq15test,1,0.09944444444444445,0
fcq3b,2,0.14027777777777778,0
fcq7b,6,0.12555555555555556,0
fcqwen,6,0.11527777777777778,0
fcretry,1,0.06972222222222223,0
fcretry2,1,0.15666666666666665,0
forcedchoi+,4,0.5863888888888888,1
infer,7,2.52,6
infer2,8,1.1872222222222222,3
internlm_r+,1,0.14194444444444443,0
lora,2,0.6258333333333332,1
negctrl,8,0.9055555555555556,8
panel,15,1.58,9
panelglm,1,0.16444444444444445,1
panelretry,3,0.11694444444444445,1
panelretry2,1,0.0,0
phi_retry,1,0.6208333333333333,1
scoretest,1,0.16749999999999998,0
scoretest2,1,0.2113888888888889,1
seedrobust,4,0.5902777777777778,2
selfcons,3,0.6913888888888888,3
smoketest,2,0.028888888888888888,1
smoketest2,2,0.05361111111111111,0
stagetest,2,0.04638888888888888,1
