model,condition,split,n,top1_accuracy,top3_accuracy,rare_top1_accuracy,logical_violation_rate,verified_top1_accuracy,unparsed_rate
qwen2.5-0.5b-selfcons5,baseline,ALL,984,0.008130081300813009,0.012195121951219513,0.017543859649122806,0.013211382113821139,0.012195121951219513,0.7489837398373984
qwen2.5-0.5b-selfcons5,baseline,expanded_heldout,216,0.037037037037037035,0.05092592592592592,0.1111111111111111,0.032407407407407406,0.05092592592592592,0.8148148148148149
qwen2.5-0.5b-selfcons5,baseline,expanded_indist,72,0.0,0.0,0.0,0.0,0.0,0.8055555555555556
qwen2.5-0.5b-selfcons5,baseline,original,696,0.0,0.0014367816091954023,0.0,0.008620689655172414,0.0014367816091954023,0.7227011494252873
qwen2.5-3b-selfcons5,baseline,ALL,984,0.41260162601626016,0.6117886178861789,0.38377192982456143,0.13516260162601626,0.6117886178861789,0.13211382113821135
qwen2.5-3b-selfcons5,baseline,expanded_heldout,216,0.3888888888888889,0.5972222222222222,0.2638888888888889,0.041666666666666664,0.5972222222222222,0.20370370370370372
qwen2.5-3b-selfcons5,baseline,expanded_indist,72,0.375,0.6527777777777778,0.4375,0.0,0.6527777777777778,0.08333333333333337
qwen2.5-3b-selfcons5,baseline,original,696,0.4238505747126437,0.6120689655172413,0.4017857142857143,0.1781609195402299,0.6120689655172413,0.11494252873563215
qwen2.5-7b-selfcons5,baseline,ALL,984,0.47459349593495936,0.6707317073170732,0.40131578947368424,0.12703252032520326,0.6707317073170732,0.35162601626016265
qwen2.5-7b-selfcons5,baseline,expanded_heldout,216,0.4398148148148148,0.7175925925925926,0.20833333333333334,0.032407407407407406,0.7175925925925926,0.3194444444444444
qwen2.5-7b-selfcons5,baseline,expanded_indist,72,0.4583333333333333,0.6388888888888888,0.3333333333333333,0.0,0.6388888888888888,0.41666666666666663
qwen2.5-7b-selfcons5,baseline,original,696,0.4870689655172414,0.6594827586206896,0.4523809523809524,0.16954022988505746,0.6594827586206896,0.3548850574712644
