model,organ_system,n_used,gamma_evidence,se_gamma_evidence,gamma_evidence_shrunken
qwen2.5-0.5b,Cardio,22,-0.14704695178373828,0.1609304141855876,-0.08753013573696515
qwen2.5-0.5b,Dermato,5,,,
qwen2.5-0.5b,GI,3,,,
qwen2.5-0.5b,Hemato,47,-0.08314684897496841,0.0889962062637119,-0.08753013573696515
qwen2.5-0.5b,Immuno,70,-0.1189538660877148,0.09048496491651242,-0.08753013573696515
qwen2.5-0.5b,Metabolic,59,-0.09327285211392113,0.08349375693374611,-0.08753013573696515
qwen2.5-0.5b,Neuro,46,-0.03920351638166207,0.08685310822850796,-0.08753013573696515
qwen2.5-0.5b,Pulmo,32,-0.13721678145389837,,
qwen2.5-0.5b,Renal,15,-0.4912735890583794,-0.0,
qwen2.5-1.5b,Cardio,83,0.09565271290090278,,
qwen2.5-1.5b,Dermato,71,0.11335732022605201,0.022342070700268665,0.09837380168620935
qwen2.5-1.5b,GI,71,0.2299784581078762,0.0,
qwen2.5-1.5b,Hemato,153,0.0076923038190898005,0.01997909906289233,0.05135630577017402
qwen2.5-1.5b,Immuno,144,0.10982861454479739,0.011021220449041219,0.09790490444891979
qwen2.5-1.5b,Metabolic,144,0.06560298725687748,0.013361421238989467,0.07671079368495777
qwen2.5-1.5b,Neuro,155,-0.02982352646125197,,
qwen2.5-1.5b,Pulmo,84,-0.01871537018201221,,
qwen2.5-1.5b,Renal,72,0.13675005621433248,0.019126186411003797,0.10935005159282452
qwen2.5-3b,Cardio,80,0.22105586854861775,0.010405194096752805,0.23466881988860555
qwen2.5-3b,Dermato,70,0.2259388976048539,0.014793011131166938,0.23724706052904904
qwen2.5-3b,GI,69,0.4185783170318177,0.022059677357167247,0.32728961407711055
qwen2.5-3b,Hemato,149,0.18466864786184803,0.0070862373363995024,0.21649781058409312
qwen2.5-3b,Immuno,133,0.2360667530099685,,
qwen2.5-3b,Metabolic,135,0.19486292651230896,0.0,
qwen2.5-3b,Neuro,133,0.1777023084551439,,
qwen2.5-3b,Pulmo,79,0.2064205141707239,0.011146821827934267,0.22751947315574977
qwen2.5-3b,Renal,62,0.24755594277286452,0.0,
qwen2.5-7b,Cardio,83,0.20282263756148983,,
qwen2.5-7b,Dermato,72,0.2946397273318681,0.0,
qwen2.5-7b,GI,72,0.47316975494581875,-0.0,
qwen2.5-7b,Hemato,147,0.19506344138539444,-0.0,
qwen2.5-7b,Immuno,143,0.2465613724774425,0.008571872423606413,0.2399301597287456
qwen2.5-7b,Metabolic,130,0.20759038367274965,0.008213715424654612,0.22207045301046371
qwen2.5-7b,Neuro,153,0.2168169440876384,,
qwen2.5-7b,Pulmo,84,0.24867110265927483,0.011261253676821051,0.24050075519745345
qwen2.5-7b,Renal,72,0.23721018076724532,0.014771015891351925,0.23547475106502327
yi-1.5-6b,Cardio,75,0.14982363057344342,0.012425175289314323,0.15859120670711782
yi-1.5-6b,Dermato,63,0.2756118675649648,0.015880798608381246,0.21926086488767735
yi-1.5-6b,GI,58,0.2901762198788179,,
yi-1.5-6b,Hemato,136,0.1070361459888751,0.009319765574181604,0.13739345192006286
yi-1.5-6b,Immuno,114,0.16051994219202614,,
yi-1.5-6b,Metabolic,128,0.14027085322939714,0.00853116561648037,0.153763863068487
yi-1.5-6b,Neuro,79,0.13113819937419405,,
yi-1.5-6b,Pulmo,68,0.0690250983021496,-0.0,
yi-1.5-6b,Renal,63,0.16224379470823838,,
olmo-2-7b,Cardio,72,0.2453639834043402,,
olmo-2-7b,Dermato,68,0.31289004997012365,,
olmo-2-7b,GI,67,0.5089990814751402,0.026434261470235632,0.41939229128768474
olmo-2-7b,Hemato,153,0.21497249854537828,,
olmo-2-7b,Immuno,138,0.3155523796906329,0.010707586821193875,0.3282462365222802
olmo-2-7b,Metabolic,115,0.2816667454997818,0.0,
olmo-2-7b,Neuro,150,0.3154101128041233,0.011123988479832158,0.3281869783105032
olmo-2-7b,Pulmo,80,0.23968590186299252,0.010753312002692667,0.29074274483754553
olmo-2-7b,Renal,72,0.3089791632510496,,
mistral-7b-instruct,Cardio,84,0.29904005278521184,0.013311550157148593,0.33601418161737406
mistral-7b-instruct,Dermato,68,0.3189822815052433,0.01621400612072253,0.34602206757661264
mistral-7b-instruct,GI,70,0.5986990932179713,0.024535571754669278,0.47998247127330157
mistral-7b-instruct,Hemato,135,0.2731565975243507,0.0,
mistral-7b-instruct,Immuno,138,0.3399943922182718,,
mistral-7b-instruct,Metabolic,129,0.3035909542283027,0.011275510629581854,0.33812001945344067
mistral-7b-instruct,Neuro,139,0.3333751117162946,0.011956574343559291,0.35288279070360395
mistral-7b-instruct,Pulmo,81,0.29378271265727784,0.012715929501310428,0.33337482278270053
mistral-7b-instruct,Renal,72,0.4773106206724467,0.0243400086036319,0.4221837139686572
phi-3.5-mini,Cardio,84,0.35986240531054003,,
phi-3.5-mini,Dermato,72,0.36288746226392876,0.016296948104988142,0.3660938046196337
phi-3.5-mini,GI,72,0.648929542023876,-0.0,
phi-3.5-mini,Hemato,141,0.313241518699238,0.0,
phi-3.5-mini,Immuno,144,0.4356076901845149,,
phi-3.5-mini,Metabolic,112,0.3062302464915047,0.01134756908970267,0.33836790153943386
phi-3.5-mini,Neuro,149,0.40908221710017323,0.01505981096381725,0.3882162933914717
phi-3.5-mini,Pulmo,76,0.30376638952277835,,
phi-3.5-mini,Renal,71,0.4021226042051787,0.020621262752479153,0.38432642866331324
