jobid,jobname,partition,elapsed_h,state,experiment,succeeded,wasted
12957119_0,diagrare_infer,gpu-rtx60+,0.09527777777777777,COMPLETED,infer,True,False
12957119_1,diagrare_infer,gpu-rtx60+,0.19499999999999998,COMPLETED,infer,True,False
12957119_2,diagrare_infer,gpu-rtx60+,0.20222222222222222,COMPLETED,infer,True,False
12957119_3,diagrare_infer,gpu-rtx60+,0.6391666666666667,COMPLETED,infer,True,False
12957119_4,diagrare_infer,gpu-rtx60+,0.37805555555555553,COMPLETED,infer,True,False
12957119_5,diagrare_infer,gpu-rtx60+,0.2561111111111111,COMPLETED,infer,True,False
12957119_6,diagrare_infer,gpu-rtx60+,0.7541666666666667,TIMEOUT,infer,False,True
12957120_0,diagrare_selfcons,gpu-rtx60+,0.07416666666666666,COMPLETED,selfcons,True,False
12957120_1,diagrare_selfcons,gpu-rtx60+,0.16333333333333333,COMPLETED,selfcons,True,False
12957120_2,diagrare_selfcons,gpu-rtx60+,0.4538888888888889,COMPLETED,selfcons,True,False
12957129,diagrare_lora,gpu-rtx60+,0.049444444444444444,FAILED,lora,False,True
12958082,diagrare_lora,gpu-rtx60+,0.5763888888888888,COMPLETED,lora,True,False
12958881,diagrare_phi_retry,gpu-rtx60+,0.6208333333333333,COMPLETED,phi_retry,True,False
12961538_0,diagrare_ablation_ct,gpu-rtx60+,0.64,COMPLETED,ablation_ct,True,False
12961538_1,diagrare_ablation_ct,gpu-rtx60+,0.5102777777777778,COMPLETED,ablation_ct,True,False
13086396,diagrare_scoretest,gpu-rtx60+,0.16749999999999998,TIMEOUT,scoretest,False,True
13086934,diagrare_scoretest2,gpu-v100,0.2113888888888889,COMPLETED,scoretest2,True,False
13087203_0,diagrare_forcedchoi+,gpu-v100,0.020833333333333332,FAILED,forcedchoi+,False,True
13087203_1,diagrare_forcedchoi+,gpu-v100,0.0275,FAILED,forcedchoi+,False,True
13088938_0,diagrare_seedrobust,gpu-v100,0.2638888888888889,FAILED,seedrobust,False,True
13088938_1,diagrare_seedrobust,gpu-v100,0.11,FAILED,seedrobust,False,True
13089280_0,diagrare_forcedchoi+,gpu-l40s,0.21972222222222224,FAILED,forcedchoi+,False,True
13089280_1,diagrare_forcedchoi+,gpu-l40s,0.3183333333333333,COMPLETED,forcedchoi+,True,False
13089281_0,diagrare_infer2,gpu-l40s,0.01361111111111111,FAILED,infer2,False,True
13089281_1,diagrare_infer2,gpu-l40s,0.01361111111111111,FAILED,infer2,False,True
13089281_2,diagrare_infer2,gpu-l40s,0.005,FAILED,infer2,False,True
13089281_3,diagrare_infer2,gpu-l40s,0.005,FAILED,infer2,False,True
13089282_0,diagrare_seedrobust,gpu-l40s,0.10833333333333334,COMPLETED,seedrobust,True,False
13089282_1,diagrare_seedrobust,gpu-l40s,0.10805555555555556,COMPLETED,seedrobust,True,False
13093577,diagrare_fcretry,gpu-l40s,0.06972222222222223,FAILED,fcretry,False,True
13093576_0,diagrare_infer2,gpu-l40s,0.25055555555555553,COMPLETED,infer2,True,False
13093576_1,diagrare_infer2,gpu-l40s,0.47333333333333333,COMPLETED,infer2,True,False
13093576_2,diagrare_infer2,gpu-l40s,0.06166666666666667,FAILED,infer2,False,True
13093576_3,diagrare_infer2,gpu-l40s,0.3644444444444444,COMPLETED,infer2,True,False
13094061,diagrare_fcretry2,gpu-l40s,0.15666666666666665,FAILED,fcretry2,False,True
13094062,diagrare_internlm_r+,gpu-l40s,0.14194444444444443,FAILED,internlm_r+,False,True
13133252_0,diagrare_causalgrid,gpu-l40s,0.40472222222222226,CANCELLED+,causalgrid,False,True
13133252_1,diagrare_causalgrid,gpu-l40s,0.058333333333333334,CANCELLED+,causalgrid,False,True
13133252_[2+,diagrare_causalgrid,gpu-l40s,0.0,CANCELLED+,causalgrid,False,True
13134720_0,diagrare_causalgrid,gpu-rtx60+,0.41194444444444445,CANCELLED+,causalgrid,False,True
13134720_1,diagrare_causalgrid,gpu-rtx60+,0.3844444444444445,CANCELLED+,causalgrid,False,True
13134720_2,diagrare_causalgrid,gpu-rtx60+,0.3841666666666667,CANCELLED+,causalgrid,False,True
13134720_3,diagrare_causalgrid,gpu-rtx60+,0.3269444444444444,CANCELLED+,causalgrid,False,True
13134720_4,diagrare_causalgrid,gpu-rtx60+,0.3005555555555555,CANCELLED+,causalgrid,False,True
13134720_5,diagrare_causalgrid,gpu-rtx60+,0.2652777777777778,CANCELLED+,causalgrid,False,True
13134720_6,diagrare_causalgrid,gpu-rtx60+,0.2652777777777778,CANCELLED+,causalgrid,False,True
13134720_7,diagrare_causalgrid,gpu-rtx60+,0.2652777777777778,CANCELLED+,causalgrid,False,True
13135209_0,diagrare_causalgrid,gpu-rtx60+,0.7541666666666667,TIMEOUT,causalgrid,False,True
13135209_1,diagrare_causalgrid,gpu-rtx60+,0.7530555555555556,TIMEOUT,causalgrid,False,True
13135209_2,diagrare_causalgrid,gpu-rtx60+,0.7530555555555556,TIMEOUT,causalgrid,False,True
13135209_3,diagrare_causalgrid,gpu-rtx60+,0.7519444444444444,TIMEOUT,causalgrid,False,True
13135209_4,diagrare_causalgrid,gpu-rtx60+,0.7516666666666667,TIMEOUT,causalgrid,False,True
13135209_5,diagrare_causalgrid,gpu-rtx60+,0.7525,TIMEOUT,causalgrid,False,True
13135209_6,diagrare_causalgrid,gpu-rtx60+,0.7522222222222222,TIMEOUT,causalgrid,False,True
13135209_7,diagrare_causalgrid,gpu-rtx60+,0.7513888888888889,TIMEOUT,causalgrid,False,True
13137883,diagrare_stagetest,gpu-rtx60+,0.0016666666666666668,FAILED,stagetest,False,True
13141230,diagrare_stagetest,gpu-rtx60+,0.04472222222222222,COMPLETED,stagetest,True,False
13141340_0,diagrare_combined,gpu-rtx60+,0.021944444444444444,COMPLETED,combined,True,False
13141340_1,diagrare_combined,gpu-rtx60+,0.028055555555555556,COMPLETED,combined,True,False
13141340_2,diagrare_combined,gpu-rtx60+,0.0325,COMPLETED,combined,True,False
13141340_3,diagrare_combined,gpu-rtx60+,0.050555555555555555,COMPLETED,combined,True,False
13141340_4,diagrare_combined,gpu-rtx60+,0.05555555555555556,COMPLETED,combined,True,False
13141340_5,diagrare_combined,gpu-rtx60+,0.042777777777777776,COMPLETED,combined,True,False
13141340_6,diagrare_combined,gpu-rtx60+,0.04861111111111111,COMPLETED,combined,True,False
13141340_7,diagrare_combined,gpu-rtx60+,0.04861111111111111,COMPLETED,combined,True,False
13141342_0,diagrare_fcextend,gpu-rtx60+,0.017222222222222222,FAILED,fcextend,False,True
13141342_1,diagrare_fcextend,gpu-rtx60+,0.016944444444444443,FAILED,fcextend,False,True
13141342_2,diagrare_fcextend,gpu-rtx60+,0.05444444444444445,FAILED,fcextend,False,True
13141485,diagrare_smoketest,gpu-rtx60+,0.008055555555555555,FAILED,smoketest,False,True
13141520,diagrare_fcq7b,gpu-rtx60+,0.023055555555555555,FAILED,fcq7b,False,True
13141561,diagrare_smoketest,gpu-rtx60+,0.020833333333333332,COMPLETED,smoketest,True,False
13141726_0,diagrare_fcextend,gpu-rtx60+,0.03972222222222222,FAILED,fcextend,False,True
13141726_1,diagrare_fcextend,gpu-rtx60+,0.027777777777777776,FAILED,fcextend,False,True
13141726_2,diagrare_fcextend,gpu-rtx60+,0.5022222222222222,TIMEOUT,fcextend,False,True
13141753,diagrare_debugguided,gpu-rtx60+,0.020833333333333332,COMPLETED,debugguided,True,False
13141794,diagrare_debugguided,gpu-rtx60+,0.04611111111111111,COMPLETED,debugguided,True,False
13141858,diagrare_fcq7b,gpu-rtx60+,0.016666666666666666,FAILED,fcq7b,False,True
13141857_0,diagrare_fcextend,gpu-rtx60+,0.03111111111111111,FAILED,fcextend,False,True
13141857_1,diagrare_fcextend,gpu-rtx60+,0.015,FAILED,fcextend,False,True
13141857_2,diagrare_fcextend,gpu-rtx60+,0.09194444444444444,CANCELLED+,fcextend,False,True
13142040_0,diagrare_fcqwen,gpu-rtx60+,0.017222222222222222,FAILED,fcqwen,False,True
13142040_1,diagrare_fcqwen,gpu-rtx60+,0.01611111111111111,FAILED,fcqwen,False,True
13142071_0,diagrare_constrained,gpu-rtx60+,0.035277777777777776,COMPLETED,constrained,True,False
13142071_1,diagrare_constrained,gpu-rtx60+,0.05583333333333334,COMPLETED,constrained,True,False
13142071_2,diagrare_constrained,gpu-rtx60+,0.1088888888888889,COMPLETED,constrained,True,False
13142071_3,diagrare_constrained,gpu-rtx60+,0.1638888888888889,COMPLETED,constrained,True,False
13142071_4,diagrare_constrained,gpu-rtx60+,0.22861111111111113,COMPLETED,constrained,True,False
13142071_5,diagrare_constrained,gpu-rtx60+,0.145,COMPLETED,constrained,True,False
13142071_6,diagrare_constrained,gpu-rtx60+,0.18694444444444444,COMPLETED,constrained,True,False
13142071_7,diagrare_constrained,gpu-rtx60+,0.17444444444444443,COMPLETED,constrained,True,False
13142151,diagrare_fcq7b,gpu-rtx60+,0.023333333333333334,FAILED,fcq7b,False,True
13142150_0,diagrare_fcqwen,gpu-rtx60+,0.019444444444444445,FAILED,fcqwen,False,True
13142150_1,diagrare_fcqwen,gpu-rtx60+,0.01888888888888889,FAILED,fcqwen,False,True
13142379,diagrare_fcq7b,gpu-rtx60+,0.016944444444444443,FAILED,fcq7b,False,True
13142378_0,diagrare_fcqwen,gpu-rtx60+,0.028333333333333335,FAILED,fcqwen,False,True
13142378_1,diagrare_fcqwen,gpu-rtx60+,0.015277777777777777,FAILED,fcqwen,False,True
13142457,diagrare_fcq15test,gpu-rtx60+,0.09944444444444445,FAILED,fcq15test,False,True
13142495,diagrare_fcq3b,gpu-rtx60+,0.013888888888888888,FAILED,fcq3b,False,True
13142496,diagrare_fcq7b,gpu-rtx60+,0.014166666666666666,FAILED,fcq7b,False,True
13142556,diagrare_fcmistral,gpu-rtx60+,0.006944444444444444,CANCELLED+,fcmistral,False,True
13142589,diagrare_fcq15b,gpu-rtx60+,0.08861111111111111,FAILED,fcq15b,False,True
13142591,diagrare_fcq3b,gpu-rtx60+,0.12638888888888888,FAILED,fcq3b,False,True
13142597,diagrare_fcq7b,gpu-rtx60+,0.03138888888888889,FAILED,fcq7b,False,True
13142904,diagrare_fcq15b2,gpu-rtx60+,0.3783333333333333,COMPLETED,fcq15b2,True,False
13205544,diagrare_smoketest2,gpu-rtx60+,0.01888888888888889,FAILED,smoketest2,False,True
13205699,diagrare_smoketest2,gpu-rtx60+,0.034722222222222224,FAILED,smoketest2,False,True
13205706_0,diagrare_panel,gpu-rtx60+,0.11694444444444445,COMPLETED,panel,True,False
13205706_1,diagrare_panel,gpu-rtx60+,0.01138888888888889,FAILED,panel,False,True
13205706_2,diagrare_panel,gpu-rtx60+,0.011111111111111112,FAILED,panel,False,True
13205706_3,diagrare_panel,gpu-rtx60+,0.06611111111111112,FAILED,panel,False,True
13205706_4,diagrare_panel,gpu-rtx60+,0.06555555555555556,COMPLETED,panel,True,False
13205706_5,diagrare_panel,gpu-rtx60+,0.1586111111111111,COMPLETED,panel,True,False
13205706_6,diagrare_panel,gpu-rtx60+,0.09222222222222222,COMPLETED,panel,True,False
13205706_7,diagrare_panel,gpu-rtx60+,0.18055555555555555,COMPLETED,panel,True,False
13205706_8,diagrare_panel,gpu-rtx60+,0.21583333333333335,COMPLETED,panel,True,False
13205706_9,diagrare_panel,gpu-rtx60+,0.10444444444444445,COMPLETED,panel,True,False
13205706_10,diagrare_panel,gpu-rtx60+,0.04,FAILED,panel,False,True
13205706_11,diagrare_panel,gpu-rtx60+,0.026944444444444444,FAILED,panel,False,True
13205706_12,diagrare_panel,gpu-rtx60+,0.008333333333333333,FAILED,panel,False,True
13205706_13,diagrare_panel,gpu-rtx60+,0.33666666666666667,COMPLETED,panel,True,False
13205706_14,diagrare_panel,gpu-rtx60+,0.14527777777777778,COMPLETED,panel,True,False
13206140_0,diagrare_panelretry,gpu-rtx60+,0.017222222222222222,FAILED,panelretry,False,True
13206140_1,diagrare_panelretry,gpu-rtx60+,0.011111111111111112,FAILED,panelretry,False,True
13206140_2,diagrare_panelretry,gpu-rtx60+,0.08861111111111111,COMPLETED,panelretry,True,False
13206432_0,diagrare_negctrl,gpu-rtx60+,0.0475,COMPLETED,negctrl,True,False
13206432_1,diagrare_negctrl,gpu-rtx60+,0.05527777777777778,COMPLETED,negctrl,True,False
13206432_2,diagrare_negctrl,gpu-rtx60+,0.06833333333333333,COMPLETED,negctrl,True,False
13206432_3,diagrare_negctrl,gpu-rtx60+,0.1288888888888889,COMPLETED,negctrl,True,False
13206432_4,diagrare_negctrl,gpu-rtx60+,0.10583333333333333,COMPLETED,negctrl,True,False
13206432_5,diagrare_negctrl,gpu-rtx60+,0.17916666666666667,COMPLETED,negctrl,True,False
13206432_6,diagrare_negctrl,gpu-rtx60+,0.1486111111111111,COMPLETED,negctrl,True,False
13206432_7,diagrare_negctrl,gpu-rtx60+,0.17194444444444443,COMPLETED,negctrl,True,False
13206456_[0+,diagrare_panelretry2,gpu-rtx60+,0.0,CANCELLED+,panelretry2,False,True
13206458,diagrare_panelglm,gpu-rtx60+,0.16444444444444445,COMPLETED,panelglm,True,False
