model,candidate_set,n_used,gamma_prior,gamma_evidence,PER
qwen2.5-7b,full_82,956,0.05900824413480625,0.22950654142337276,0.25710920381111585
qwen2.5-7b,same_organ_only,652,0.0036120435573851937,0.15493140666057043,0.02331382406730867
qwen2.5-7b,same_organ_plus_global_common,659,-0.03903200220166614,0.15968770291562312,-0.24442710045300192
phi-3.5-mini,full_82,921,0.15024641649578604,0.362212623348949,0.41480171261464127
phi-3.5-mini,same_organ_only,840,0.11223676024137881,0.2390959106135971,0.4694214968099753
phi-3.5-mini,same_organ_plus_global_common,841,0.03501362496132322,0.24528747859186428,0.14274526022415787
mistral-7b-instruct,full_82,916,0.11230051583941253,0.32479000716981865,0.345763457496694
mistral-7b-instruct,same_organ_only,786,0.06461989461523107,0.22548961854167468,0.2865759188079344
mistral-7b-instruct,same_organ_plus_global_common,788,-0.0019725326062807313,0.23136986789740535,-0.00852545158194669
qwen2.5-3b,full_82,910,0.0432057552442848,0.21205838125882942,0.2037446244180733
qwen2.5-3b,same_organ_only,571,-0.04388884466217791,0.14613668380315809,-0.300327361480947
qwen2.5-3b,same_organ_plus_global_common,571,-0.09894889468152789,0.1523179140773491,-0.6496208622662748
olmo-2-7b,full_82,915,0.052772708549698386,0.27962944205467194,0.18872372008445554
olmo-2-7b,same_organ_only,724,0.025530676910836946,0.18912069199948572,0.13499674012881877
olmo-2-7b,same_organ_plus_global_common,724,-0.035034820649111294,0.19435875073436173,-0.1802585194478578
yi-1.5-6b,full_82,784,0.05802423027665927,0.14805387793300567,0.3919129379570538
yi-1.5-6b,same_organ_only,382,0.08291377413718898,0.0817514740060334,1.0142174822568923
yi-1.5-6b,same_organ_plus_global_common,386,0.029312585317191414,0.08939817279662293,0.3278879690737786
