model,test,gamma_prior_fit,gamma_evidence_fit,held_out_nll_per_choice
qwen2.5-7b,fit_original_predict_heldout_organs,0.03487003835737482,0.21481675520450716,10.065744496197375
qwen2.5-7b,fit_heldout_organs_predict_original,0.1494377795787149,0.3059087007071267,9.617407330979864
qwen2.5-7b,fit_easymed_predict_hard,0.06025570154022387,0.22225653385474756,9.647137598386333
qwen2.5-7b,fit_hard_predict_easymed,0.056209559069506095,0.25667459290377476,9.32397344707545
qwen2.5-7b,leave_out_Cardio,0.0782673223760102,0.2327386106249914,9.838715624765896
qwen2.5-7b,leave_out_Dermato,0.05641952492426532,0.22631793383060042,9.754236745185828
qwen2.5-7b,leave_out_GI,0.04964270691731308,0.22203578344481648,9.53971147968381
qwen2.5-7b,leave_out_Hemato,0.05498976132602257,0.23715688404893484,9.471491847131501
qwen2.5-7b,leave_out_Immuno,0.05518994436414696,0.22603960443584536,8.727854394747341
qwen2.5-7b,leave_out_Metabolic,0.05335906337802183,0.23415701407792774,8.953060333102673
qwen2.5-7b,leave_out_Neuro,0.06862663156798354,0.23217562919693138,9.360259192630647
qwen2.5-7b,leave_out_Pulmo,0.06586826402785491,0.2278033131837212,9.302955137137102
qwen2.5-7b,leave_out_Renal,0.04712974325340585,0.2290566289199317,10.730007947172066
phi-3.5-mini,fit_original_predict_heldout_organs,0.13740173712408082,0.3402262313711217,8.172537928778043
phi-3.5-mini,fit_heldout_organs_predict_original,0.18334960101062323,0.42670602229674803,7.473921702593635
phi-3.5-mini,fit_easymed_predict_hard,0.15929318963505099,0.3555487555462883,8.608273353173267
phi-3.5-mini,fit_hard_predict_easymed,0.1361440513901005,0.3761831258619268,6.944695339811413
phi-3.5-mini,leave_out_Cardio,0.1643487684391768,0.3625159297494923,7.384901192715008
phi-3.5-mini,leave_out_Dermato,0.1510834416853033,0.36213951284714274,9.242537234335348
phi-3.5-mini,leave_out_GI,0.13870469072031966,0.35207851763899656,7.275049407722122
phi-3.5-mini,leave_out_Hemato,0.13865761233865115,0.37517896635713327,6.340623737850446
phi-3.5-mini,leave_out_Immuno,0.13349969196777012,0.3509687025764835,7.942684723095685
phi-3.5-mini,leave_out_Metabolic,0.17629393717452663,0.3752199976251471,7.690956665415606
phi-3.5-mini,leave_out_Neuro,0.12854898606109577,0.3550708838091996,6.787507699290156
phi-3.5-mini,leave_out_Pulmo,0.16620904457502253,0.37040419849565726,8.726901415911984
phi-3.5-mini,leave_out_Renal,0.15185849769788606,0.35936311743404104,7.888251892812334
mistral-7b-instruct,fit_original_predict_heldout_organs,0.10448836249759293,0.29771997917418985,8.710033895048051
mistral-7b-instruct,fit_heldout_organs_predict_original,0.15475918065817362,0.4238213978125166,8.245994056619166
mistral-7b-instruct,fit_easymed_predict_hard,0.12010411675010833,0.31529984585514453,8.973933457477896
mistral-7b-instruct,fit_hard_predict_easymed,0.09870089042052892,0.3481298922085178,7.565308087146803
mistral-7b-instruct,leave_out_Cardio,0.12984730419189586,0.32797570276784893,8.752748295398154
mistral-7b-instruct,leave_out_Dermato,0.11129413935760156,0.32529369475278885,10.22668757568291
mistral-7b-instruct,leave_out_GI,0.10021209162475975,0.3149812400087004,6.9503207206439255
mistral-7b-instruct,leave_out_Hemato,0.10544771988282924,0.33750330284379304,7.686425754502603
mistral-7b-instruct,leave_out_Immuno,0.0964505063311065,0.321075535480473,8.134031162687236
mistral-7b-instruct,leave_out_Metabolic,0.12063818760995357,0.3283127495544664,7.189414753643343
mistral-7b-instruct,leave_out_Neuro,0.10942459917582084,0.323338673143489,6.693456577807209
mistral-7b-instruct,leave_out_Pulmo,0.1216921775286893,0.32922799900266464,9.806731420163032
mistral-7b-instruct,leave_out_Renal,0.11375630409922868,0.31801300713360897,8.764016947908843
qwen2.5-3b,fit_original_predict_heldout_organs,0.006551185446562557,0.19722994897888205,10.726300869361172
qwen2.5-3b,fit_heldout_organs_predict_original,0.16511621070369065,0.27644760033781934,10.976490438327293
qwen2.5-3b,fit_easymed_predict_hard,0.04738470746957244,0.21177323557998587,11.442627364229562
qwen2.5-3b,fit_hard_predict_easymed,0.035692160367441945,0.21327509057546162,10.131098092392548
qwen2.5-3b,leave_out_Cardio,0.041477288024857895,0.21111647538614994,10.051466777504366
qwen2.5-3b,leave_out_Dermato,0.03186721531966168,0.21126215326626155,11.151810705728284
qwen2.5-3b,leave_out_GI,0.03449228742972914,0.2053115765362087,9.688258285398328
qwen2.5-3b,leave_out_Hemato,0.048394180743832386,0.21781741026218782,10.815483726611838
qwen2.5-3b,leave_out_Immuno,0.029675265150616244,0.20695609381055532,10.02128075294418
qwen2.5-3b,leave_out_Metabolic,0.06391347454962765,0.21561167403026285,10.326108022292486
qwen2.5-3b,leave_out_Neuro,0.05994856072025789,0.21873240767722077,11.21993100190967
qwen2.5-3b,leave_out_Pulmo,0.04651684935183257,0.21281461866866386,10.971943372156577
qwen2.5-3b,leave_out_Renal,0.03423074203997655,0.21041170251429606,11.11214052888881
