held_out_disease,gamma_prior,gamma_evidence
Acute_Appendicitis,0.14296942731096715,0.3596175180273894
Acute_Cholecystitis,0.1478148688250555,0.3601621677116384
Acute_Kidney_Injury,0.14949829428367423,0.36087840006988087
Acute_MI,0.15177213010382556,0.3624912646139252
Acute_Pancreatitis,0.14672494634228975,0.3599688642864025
Allergic_Contact_Dermatitis,0.14877874998934637,0.3623576205845578
Allergic_Rhinitis,0.14570290152518817,0.36123973595557357
Anaphylaxis,0.14275083059179827,0.36328819008490104
Ankylosing_Spondylitis,0.15224005423939782,0.3606688713983655
Aortic_Dissection,0.15465690270011564,0.36237340353891045
Aplastic_Anemia,0.14916100032651963,0.361687917540955
Asthma,0.1478226951176738,0.3618244929238322
B12_Deficiency,0.14870786135886496,0.361452833649933
Bacterial_Meningitis,0.1507201843826394,0.36098903283224076
COPD,0.15033883654117142,0.36214089985162395
Cardiac_Tamponade,0.15429497923387275,0.3616315630184291
Cellulitis,0.15113581242785565,0.36369313845648826
Chronic_Lymphocytic_Leukemia,0.15298958159614157,0.36436169580586414
Cluster_Headache,0.14900470316320302,0.3648623502487756
Community_Pneumonia,0.15411861197857857,0.37130804618511964
Crohn_Disease,0.15414067401255063,0.3609420693467881
Cushing_Syndrome,0.15194983167648118,0.36240012520749093
Diabetes_Insipidus,0.15134585875272344,0.36073646946849297
Diabetic_Ketoacidosis,0.15264935904551483,0.36069001483336716
Disseminated_Intravascular_Coagulation,0.1513489760899138,0.3610736963668084
Epilepsy,0.1429655635590356,0.3612482782710316
Erythema_Multiforme,0.15048873894003673,0.3632822358368217
Glomerulonephritis,0.1505860116546228,0.3638706066968541
Gout,0.14698871487882123,0.36159624206332713
Guillain_Barre,0.15657260877494372,0.361661013345999
HUS,0.13625142733746728,0.37025296759128945
Heart_Failure,0.1502229084720585,0.36174748083587266
Hemophilia_A,0.15171215446129643,0.36106569037702263
Herpes_Zoster,0.1523664744769483,0.36054306738358505
Hodgkin_Lymphoma,0.15172654024914084,0.3604733293164247
Hyperthyroidism,0.1502774933973974,0.3623529526105158
Hypothyroidism,0.15229230726995124,0.36173191782455816
ITP,0.1476161022730481,0.366991033774829
Idiopathic_Intracranial_HTN,0.14649941125064,0.3609748968281369
Infective_Endocarditis,0.15173213826999246,0.36077361714307365
Insulinoma,0.14978729087318524,0.3660005898319359
Iron_Deficiency_Anemia,0.14781135877359236,0.360971383747638
Lung_Cancer,0.1511218964100846,0.36002647067520394
Metabolic_Syndrome,0.14862651244431838,0.3620812753586521
Migraine,0.14637978637110519,0.36034837581103185
Multiple_Sclerosis,0.14960639674644102,0.36166563676900026
Myasthenia_Gravis,0.14790316605486342,0.36072067279466413
Nephrolithiasis,0.1495755378634111,0.36096965091143035
Nephrotic_Syndrome,0.15092030181407523,0.3623539753016519
Osteoarthritis,0.1500748949325248,0.3612459277518635
Parkinsons_Disease,0.1497560948783512,0.3620073231740561
Peptic_Ulcer_Disease,0.14453141061111113,0.3604309225085854
Pericarditis,0.1518512139017455,0.36551202115379106
Pheochromocytoma,0.1519209491340697,0.3611470165870846
Pneumothorax,0.15262185819153096,0.36067517083352624
Polycystic_Kidney_Disease,0.15051905313080347,0.361596810860335
Polycythemia_Vera,0.15058014984816795,0.36151773144736266
Primary_Hyperaldosteronism,0.15589942413731253,0.3625095776454395
Psoriasis,0.15078464978798975,0.3601734018309909
Psoriatic_Arthritis,0.15051347351326128,0.3605848237892633
Pulmonary_Embolism,0.150287748126515,0.36130618914650603
Pulmonary_Fibrosis,0.15516863731417965,0.3635813158612802
Reactive_Arthritis,0.15186378212111698,0.3622030436270096
Renal_Cell_Carcinoma,0.15189014899309258,0.3609363399998896
Rheumatoid_Arthritis,0.14774566702602898,0.3617195278760547
Sarcoidosis,0.15173510791321104,0.36048380795806323
Sarcoidosis_Pulmo,0.15098458269200918,0.36363223829416996
Sickle_Cell_Disease,0.15590196134226522,0.3619344841142104
Sjogren_Syndrome,0.15015079120149552,0.3611971548841082
Stevens_Johnson_Syndrome,0.14863568963866297,0.3632445188010281
Stroke_Ischemic,0.1472610340139289,0.36076208963072093
Subarachnoid_Hemorrhage,0.1454163720279804,0.36074592039976183
Systemic_Lupus,0.1514844432628727,0.3607508705102707
T1_Diabetes,0.15437095517707136,0.3715421046986155
T2_Diabetes,0.15625747914431262,0.3645322311950848
TTP,0.14927803623882602,0.36258475659411565
Tension_Headache,0.1529802226928521,0.3643380111076393
Thalassemia_Trait,0.15042423698161755,0.365441220211104
Trigeminal_Neuralgia,0.1495681880028417,0.36229044109977576
Tuberculosis,0.15217306019808613,0.3617990574751539
Ulcerative_Colitis,0.15460235440942935,0.3622901795584283
