param_setting,gamma_prior_true,gamma_evidence_true,n,k,N_candidates,noise,n_replicates,failure_rate,bias_gamma_prior,bias_gamma_evidence,rmse_gamma_prior,rmse_gamma_evidence,sign_recovery_prior,sign_recovery_evidence,ci_coverage_prior,ci_coverage_evidence,per_bias
null,0.0,0.0,50,1,20,0.0,100,0.0,-0.005366308285327364,0.009053663477163361,0.06067861787620026,0.059636860725627246,,,0.9285714285714286,0.95,
null,0.0,0.0,50,1,20,0.2,100,0.0,-0.004949349780539817,-0.005700358711114121,0.0619488535443519,0.053431018423324456,,,0.9130434782608695,0.9545454545454546,
null,0.0,0.0,50,1,82,0.0,100,0.0,0.002182626837151024,-0.0016851346771787265,0.0586743434909909,0.04516175709340441,,,0.8620689655172413,0.9137931034482759,
null,0.0,0.0,50,1,82,0.2,100,0.0,-0.0018698529469770443,0.0024058624769658942,0.06253259172305452,0.04594465726370213,,,0.9354838709677419,0.9166666666666666,
null,0.0,0.0,50,3,20,0.0,100,0.0,0.0007301644994444783,0.0021301574813551143,0.0297297188836774,0.029689855511747618,,,0.9473684210526315,0.9272727272727272,
null,0.0,0.0,50,3,20,0.2,100,0.0,-0.0014602959703997323,-0.0006019152844784324,0.037812009200415546,0.028632729590566265,,,0.9259259259259259,0.9230769230769231,
null,0.0,0.0,50,3,82,0.0,100,0.0,-0.005228786281770212,0.004047361313847823,0.03348057540374674,0.027084060200784493,,,0.9347826086956522,0.9433962264150944,
null,0.0,0.0,50,3,82,0.2,100,0.0,0.0011994793023544477,0.0007988330512324088,0.03124454941926473,0.02900687869595835,,,0.9215686274509803,0.9032258064516129,
null,0.0,0.0,50,5,20,0.0,100,0.0,-0.0015414491430752982,0.0006186116906271733,0.02744687548165121,0.024549685419077445,,,0.9487179487179487,0.9107142857142857,
null,0.0,0.0,50,5,20,0.2,100,0.0,0.002426731287616889,0.001504153459643621,0.025733371072008685,0.021430888177153717,,,0.8936170212765957,0.9285714285714286,
null,0.0,0.0,50,5,82,0.0,100,0.0,-0.002845412826687551,-0.001113073945964031,0.02856025675783053,0.0230528673952449,,,0.9,0.9130434782608695,
null,0.0,0.0,50,5,82,0.2,100,0.0,0.0016663530581814134,0.00016050949494372,0.02795051393645498,0.02257955359221213,,,0.8604651162790697,0.8780487804878049,
null,0.0,0.0,100,1,20,0.0,100,0.0,-0.0010788928655726276,0.0012157643854157395,0.04473898472068624,0.03704119475579908,,,0.9387755102040817,0.8913043478260869,
null,0.0,0.0,100,1,20,0.2,100,0.0,-0.006767822381266576,-0.006306815936615449,0.048657187207408824,0.035839328803335416,,,0.8333333333333334,0.9310344827586207,
null,0.0,0.0,100,1,82,0.0,100,0.0,-0.00999823611974975,0.0005898777538448283,0.043701962131732844,0.03594783207466005,,,0.9090909090909091,0.9436619718309859,
null,0.0,0.0,100,1,82,0.2,100,0.0,0.0010480888165978297,-0.0017528657313415441,0.04165984116237514,0.03437988640496517,,,0.8947368421052632,0.9344262295081968,
null,0.0,0.0,100,3,20,0.0,100,0.0,0.0002725498464603891,0.0004807012769575356,0.02490521603840384,0.023458793182068543,,,0.8076923076923077,0.8723404255319149,
null,0.0,0.0,100,3,20,0.2,100,0.0,-0.0019909498836199967,0.004266041439136808,0.02448203104603291,0.021015645688157836,,,0.9333333333333333,0.9107142857142857,
null,0.0,0.0,100,3,82,0.0,100,0.0,-0.0005985401379760539,0.0019823829787209194,0.021943195355910765,0.016097837601052503,,,0.9791666666666666,0.9772727272727273,
null,0.0,0.0,100,3,82,0.2,100,0.0,-0.0020462214231227027,-0.0007827583689921351,0.021352090609992963,0.0199184600895636,,,0.9347826086956522,0.9591836734693877,
null,0.0,0.0,100,5,20,0.0,100,0.0,-0.002123708594449206,0.00491536169207886,0.019414535517859183,0.016880101999800515,,,0.9523809523809523,0.8979591836734694,
null,0.0,0.0,100,5,20,0.2,100,0.0,0.0008710942169585074,0.0005124362949120244,0.01862160829418879,0.016539524151329733,,,0.8666666666666667,0.9545454545454546,
null,0.0,0.0,100,5,82,0.0,100,0.0,-0.0007334792863482945,-0.0001431308183449236,0.017807126297761468,0.015101953876889045,,,0.9555555555555556,0.9574468085106383,
null,0.0,0.0,100,5,82,0.2,100,0.0,0.0007018560207570707,0.001362458935406939,0.01753544446487394,0.0151734887336063,,,0.9183673469387755,0.9047619047619048,
null,0.0,0.0,250,1,20,0.0,100,0.0,-0.002313519951604975,-0.0003262405686912868,0.02678492700766064,0.022638706278110373,,,0.8541666666666666,0.9019607843137255,
null,0.0,0.0,250,1,20,0.2,100,0.0,-0.002577143853484037,-0.0004885512585959481,0.02933895829267639,0.022910657278666643,,,0.88,0.8809523809523809,
null,0.0,0.0,250,1,82,0.0,100,0.0,0.002231845198628306,0.002621852944646873,0.026302257876054468,0.02423619652508718,,,0.9285714285714286,0.9318181818181818,
null,0.0,0.0,250,1,82,0.2,100,0.0,0.0005262784155151951,0.0017158953313581276,0.023554487623641603,0.020911959927838248,,,0.975609756097561,0.9574468085106383,
null,0.0,0.0,250,3,20,0.0,100,0.0,-0.0021438179519777736,-0.0004733378470785157,0.016287498377267833,0.012214929820118275,,,0.9393939393939394,0.9142857142857143,
null,0.0,0.0,250,3,20,0.2,100,0.010000000000000009,-0.0003438800213028814,-0.000315630098957164,0.013394007663055247,0.013443338831968613,,,0.9615384615384616,0.9230769230769231,
null,0.0,0.0,250,3,82,0.0,100,0.0,0.0008683756274321123,-0.0024058844658828723,0.015426377793805974,0.010793725338444441,,,0.8979591836734694,0.9361702127659575,
null,0.0,0.0,250,3,82,0.2,100,0.0,0.00023675118732407324,-0.000723405615041515,0.013283708074262046,0.01279654712597622,,,0.9090909090909091,0.8666666666666667,
null,0.0,0.0,250,5,20,0.0,100,0.0,-0.001818308812957687,0.0007781367463434747,0.013242004108188099,0.01006365308631017,,,0.8461538461538461,0.8823529411764706,
null,0.0,0.0,250,5,20,0.2,100,0.0,-0.002011358554001774,0.0011074615750688713,0.013466101756010873,0.008938474690906912,,,0.8974358974358975,0.9555555555555556,
null,0.0,0.0,250,5,82,0.0,100,0.0,0.0013509861826933223,-0.00027283429248666424,0.011797370942400758,0.010594183833481699,,,0.9512195121951219,0.975,
null,0.0,0.0,250,5,82,0.2,100,0.0,0.0017996789164199346,0.0011701913495808299,0.011969839515536413,0.010061895585871587,,,0.9428571428571428,0.9487179487179487,
null,0.0,0.0,500,1,20,0.0,100,0.0,-0.0014356416906767264,-0.0007887337961678988,0.020954799118758045,0.015381140021101438,,,0.8409090909090909,0.9761904761904762,
null,0.0,0.0,500,1,20,0.2,100,0.0,0.0008221132976596859,-0.00046835812959315716,0.019161396043244357,0.014605114914052034,,,0.9318181818181818,0.9714285714285714,
null,0.0,0.0,500,1,82,0.0,100,0.0,2.9691314070189046e-05,0.00011916559753424181,0.01834765789115361,0.016484918975040935,,,0.9,0.9428571428571428,
null,0.0,0.0,500,1,82,0.2,100,0.0,0.0005034275448629078,0.0016387763905810638,0.016582238024149033,0.016753620785139946,,,0.9615384615384616,0.8666666666666667,
null,0.0,0.0,500,3,20,0.0,100,0.0,-0.0003156292976247518,0.0006846892697068371,0.010068567426560215,0.009486538705470574,,,0.9428571428571428,1.0,
null,0.0,0.0,500,3,20,0.2,100,0.0,0.0014977344648931365,0.0005916191635908498,0.009606144987031886,0.009433514114730078,,,0.9615384615384616,0.9166666666666666,
null,0.0,0.0,500,3,82,0.0,100,0.0,0.00019173119739414505,0.001413090228312104,0.010640436268188039,0.008498670022984548,,,0.9387755102040817,0.9807692307692307,
null,0.0,0.0,500,3,82,0.2,100,0.0,0.000489806604491763,0.0009064404779494772,0.011303133128101174,0.008927106380561677,,,0.9130434782608695,0.9821428571428571,
null,0.0,0.0,500,5,20,0.0,100,0.0,0.001116491080626727,0.0002575812783087598,0.008236109396282176,0.007241639720646337,,,0.9591836734693877,0.9545454545454546,
null,0.0,0.0,500,5,20,0.2,100,0.0,0.00038448626191381954,0.0005607692119849166,0.00875674271967472,0.0066887544940613655,,,0.9565217391304348,0.9333333333333333,
null,0.0,0.0,500,5,82,0.0,100,0.010000000000000009,0.001115733789036737,-0.00040189910439664454,0.008098705779902059,0.006550143363012914,,,0.95,0.9761904761904762,
null,0.0,0.0,500,5,82,0.2,100,0.0,-0.0003106465934548053,-0.00024480229239865365,0.007919826630687063,0.0064929814666375004,,,0.9354838709677419,1.0,
null,0.0,0.0,1000,1,20,0.0,100,0.0,-0.002308578164003443,-0.0021332228034249344,0.01417222808810336,0.011160915612402988,,,0.9555555555555556,0.9555555555555556,
null,0.0,0.0,1000,1,20,0.2,100,0.0,-0.0028655741067610957,0.0026819221030257023,0.013448090945951374,0.01055079632473868,,,0.8666666666666667,0.9285714285714286,
null,0.0,0.0,1000,1,82,0.0,100,0.0,-0.0007854193848405805,-0.0009598714220962943,0.015085985732636788,0.011206807800931917,,,0.8478260869565217,0.9791666666666666,
null,0.0,0.0,1000,1,82,0.2,100,0.0,0.001127798706997702,0.0005593051897794809,0.013760101488381124,0.010924859114638086,,,0.90625,0.972972972972973,
null,0.0,0.0,1000,3,20,0.0,100,0.0,-0.0008718574558190226,-0.00033769607987816757,0.00755250250026666,0.006243497380375799,,,1.0,0.96875,
null,0.0,0.0,1000,3,20,0.2,100,0.0,-0.0006714629896110142,-0.0010923502545382466,0.008333831723534956,0.0068455397568581095,,,0.875,0.92,
null,0.0,0.0,1000,3,82,0.0,100,0.0,0.0004768526101001672,0.000763833319822693,0.007901163269915232,0.006694035237232014,,,0.925,0.9787234042553191,
null,0.0,0.0,1000,3,82,0.2,100,0.0,0.0002694315423697528,-7.743558756971122e-05,0.00834987829270836,0.006851664154591606,,,0.8958333333333334,0.9375,
null,0.0,0.0,1000,5,20,0.0,100,0.010000000000000009,0.0005370025542048665,0.00012973903024904372,0.006266539321885976,0.004293958971905632,,,0.926829268292683,1.0,
null,0.0,0.0,1000,5,20,0.2,100,0.0,4.642293526944073e-05,-0.0003065604746971384,0.005220606423914523,0.004725907870765034,,,0.9459459459459459,0.9024390243902439,
null,0.0,0.0,1000,5,82,0.0,100,0.0,-0.0009031982937693792,-0.00036188915412456294,0.006211201117369563,0.005333198803341685,,,0.9555555555555556,0.9347826086956522,
null,0.0,0.0,1000,5,82,0.2,100,0.0,-0.0004981920998527956,-0.00045397981226447386,0.00583678772275217,0.004661260867182662,,,0.8823529411764706,1.0,
weak_both,0.3,0.3,50,1,20,0.0,100,0.0,-0.0009472169084966883,0.012627444264346144,0.06629394316780565,0.06600528427780539,1.0,1.0,0.9538461538461539,0.9833333333333333,0.01309020897856418
weak_both,0.3,0.3,50,1,20,0.2,100,0.0,-0.06283860914053636,-0.06974528944020608,0.08775654755713089,0.0922502401279568,1.0,1.0,0.8703703703703703,0.7169811320754716,0.09122460736975489
weak_both,0.3,0.3,50,1,82,0.0,100,0.0,-0.00048429498067649847,0.012034236170065113,0.06806933552007816,0.06252884441233833,1.0,1.0,0.9019607843137255,0.9491525423728814,-0.00710413243695325
weak_both,0.3,0.3,50,1,82,0.2,100,0.0,-0.058006050790292585,-0.07611965387378557,0.08309509171495037,0.09329208155966999,1.0,1.0,0.7096774193548387,0.6229508196721312,0.14485536380383832
weak_both,0.3,0.3,50,3,20,0.0,100,0.0,-0.002789204108106228,-0.001081447847643885,0.0421476271398222,0.04019938833334082,1.0,1.0,0.8983050847457628,0.8545454545454545,0.011464188368854262
weak_both,0.3,0.3,50,3,20,0.2,100,0.0,-0.07051630889074893,-0.07409121022381082,0.08054063514612664,0.07962676311124157,1.0,1.0,0.425531914893617,0.3409090909090909,0.029450907054177904
weak_both,0.3,0.3,50,3,82,0.0,100,0.0,-0.0019657056297799017,0.005656983849126449,0.04012059877747284,0.03520137256088275,1.0,1.0,0.9375,0.8648648648648649,-0.01372897662137319
weak_both,0.3,0.3,50,3,82,0.2,100,0.0,-0.06585271055863273,-0.07485568297411534,0.07542885626927943,0.08214435798079113,1.0,1.0,0.6190476190476191,0.3617021276595745,0.06212095806765685
weak_both,0.3,0.3,50,5,20,0.0,100,0.0,0.005911065194096065,-0.0008663095721613437,0.03542468963811459,0.025549600172077164,1.0,1.0,0.9166666666666666,0.9512195121951219,0.029611622666820027
weak_both,0.3,0.3,50,5,20,0.2,100,0.0,-0.07281279075381904,-0.07347028482372242,0.07901461975909363,0.07786834376316736,1.0,1.0,0.22,0.15217391304347827,0.013930758963244104
weak_both,0.3,0.3,50,5,82,0.0,100,0.0,0.0034861489844787426,0.0013838875237618326,0.03159345349676779,0.022922933887390362,1.0,1.0,0.8958333333333334,0.9777777777777777,0.013689423082548984
weak_both,0.3,0.3,50,5,82,0.2,100,0.0,-0.07044956537666394,-0.06968171714103397,0.07474223432045848,0.07462503165518004,1.0,1.0,0.29411764705882354,0.16666666666666666,0.010382174950816397
weak_both,0.3,0.3,100,1,20,0.0,100,0.0,0.0071064579181556176,-0.0023691512615976696,0.046907543952142625,0.039704555393473305,1.0,1.0,0.95,0.9538461538461539,0.04569523837042377
weak_both,0.3,0.3,100,1,20,0.2,100,0.0,-0.07489809585083125,-0.0733563670256962,0.08870782935960535,0.08339574476327069,1.0,1.0,0.5208333333333334,0.5102040816326531,0.01848387109225912
weak_both,0.3,0.3,100,1,82,0.0,100,0.0,0.00013441441771828045,0.0022788660294219805,0.04470317911004112,0.04541601874452545,1.0,1.0,1.0,0.9230769230769231,0.01687308365418952
weak_both,0.3,0.3,100,1,82,0.2,100,0.0,-0.07382707404412765,-0.06433999071260564,0.08662655149885175,0.07592271319567562,1.0,1.0,0.46,0.5833333333333334,-0.012318960219800194
weak_both,0.3,0.3,100,3,20,0.0,100,0.0,-0.0006793055598949657,0.0014845226280668815,0.02803196338246469,0.025634099350960792,1.0,1.0,0.88,0.9375,-1.3297628959976215e-05
weak_both,0.3,0.3,100,3,20,0.2,100,0.0,-0.07134111910247366,-0.07325109532510499,0.07648208012421459,0.07730813191801518,1.0,1.0,0.25,0.13043478260869565,0.01938298564508747
weak_both,0.3,0.3,100,3,82,0.0,100,0.010000000000000009,0.0014763170066573123,0.006326827236334905,0.027572522886338102,0.026085421460826937,1.0,1.0,0.90625,0.9487179487179487,-0.008503359392145004
weak_both,0.3,0.3,100,3,82,0.2,100,0.0,-0.06822338070228802,-0.075771193537341,0.07374012391842334,0.07980834274067167,1.0,1.0,0.2,0.09090909090909091,0.047457264104451224
weak_both,0.3,0.3,100,5,20,0.0,100,0.0,-0.0001453616686641268,-0.0019934725928995012,0.02163762955608584,0.01967702107468585,1.0,1.0,0.9024390243902439,0.9523809523809523,0.00921025638170911
weak_both,0.3,0.3,100,5,20,0.2,100,0.0,-0.07340231891027113,-0.07273248876680276,0.0755472704892229,0.07463772067541675,1.0,1.0,0.025,0.0,0.002524120548848355
weak_both,0.3,0.3,100,5,82,0.0,100,0.0,0.004631470665529789,-0.0033361773738067764,0.024093709078011127,0.018653529276680025,1.0,1.0,0.8113207547169812,0.9482758620689655,0.03082421817632337
weak_both,0.3,0.3,100,5,82,0.2,100,0.0,-0.06824180542457012,-0.07236965161011728,0.07158661070127452,0.07426561105203325,1.0,1.0,0.10204081632653061,0.02,0.022269971554038676
weak_both,0.3,0.3,250,1,20,0.0,100,0.0,-0.0051726397924742795,-0.003688855035952422,0.030174578099957876,0.026567367266588274,1.0,1.0,0.9318181818181818,0.98,0.0014150114667292168
weak_both,0.3,0.3,250,1,20,0.2,100,0.0,-0.06986934176993986,-0.07151120938731614,0.07593651284640351,0.07663854202030111,1.0,1.0,0.3409090909090909,0.21951219512195122,0.01813900819441835
weak_both,0.3,0.3,250,1,82,0.0,100,0.0,-0.00140399914953457,0.00346096475687849,0.031779069720977,0.02534580074537036,1.0,1.0,0.9230769230769231,0.9433962264150944,-0.009069907699787076
weak_both,0.3,0.3,250,1,82,0.2,100,0.0,-0.07151704963368345,-0.06804682115616618,0.07668351495287151,0.07335833671790211,1.0,1.0,0.2833333333333333,0.23636363636363636,-0.0025075091924391833
weak_both,0.3,0.3,250,3,20,0.0,100,0.0,0.004117760510833541,0.003029647485364197,0.01750961523823635,0.01732725310211101,1.0,1.0,0.9310344827586207,0.8793103448275862,0.006409650259153873
weak_both,0.3,0.3,250,3,20,0.2,100,0.0,-0.07187395207402968,-0.07287252046313969,0.07403797949900894,0.07448639441985992,1.0,1.0,0.0,0.0,0.008285658054392544
weak_both,0.3,0.3,250,3,82,0.0,100,0.0,-0.0022877469611602783,0.00028717444741798494,0.015530790853092039,0.014765238479966605,1.0,1.0,0.9487179487179487,0.9285714285714286,-0.005651807405511669
weak_both,0.3,0.3,250,3,82,0.2,100,0.0,-0.06955655297909043,-0.07391444444738889,0.07193646743367342,0.07544536644462667,1.0,1.0,0.022727272727272728,0.0,0.02296313635431777
weak_both,0.3,0.3,250,5,20,0.0,100,0.0,0.0011169682318507507,-2.316629179294427e-05,0.014003652078557855,0.013324016366836491,1.0,1.0,0.975,0.918918918918919,0.005647192800162303
weak_both,0.3,0.3,250,5,20,0.2,100,0.0,-0.0717501535684193,-0.07135454930241071,0.07320130494413907,0.07236774249664817,1.0,1.0,0.0,0.0,3.75879040532312e-05
weak_both,0.3,0.3,250,5,82,0.0,100,0.0,-0.001981590128358327,-0.0015163442046767673,0.01287820976724513,0.011404128068056305,1.0,1.0,0.972972972972973,0.9473684210526315,-0.00011336608019769767
weak_both,0.3,0.3,250,5,82,0.2,100,0.0,-0.06839957277356593,-0.07078706579325773,0.06973411314503238,0.07182458318260536,1.0,1.0,0.0,0.0,0.013003530261090811
weak_both,0.3,0.3,500,1,20,0.0,100,0.0,0.002898732667068059,-0.0020869939993580226,0.02223290622497849,0.021505913760865972,1.0,1.0,0.9487179487179487,0.8913043478260869,0.02202680011789706
weak_both,0.3,0.3,500,1,20,0.2,100,0.0,-0.072738521142943,-0.07208560241853236,0.07597989674929964,0.07458254599789448,1.0,1.0,0.043478260869565216,0.07317073170731707,0.003963402559983312
weak_both,0.3,0.3,500,1,82,0.0,100,0.010000000000000009,0.000898008068141935,-0.0003371648923404202,0.02014629734610549,0.019207309307688384,1.0,1.0,0.9,0.9230769230769231,0.007455568720619998
weak_both,0.3,0.3,500,1,82,0.2,100,0.0,-0.06908999904992463,-0.07211737528728174,0.07220394006246235,0.07461966149515274,1.0,1.0,0.07142857142857142,0.0,0.019389602093135856
weak_both,0.3,0.3,500,3,20,0.0,100,0.0,0.0014978065110720583,-0.0009974867333327592,0.012192283955054494,0.011867581552107846,1.0,1.0,0.9411764705882353,0.8688524590163934,0.009512032581660999
weak_both,0.3,0.3,500,3,20,0.2,100,0.0,-0.07111383202274302,-0.07439452363305103,0.07216954204637616,0.0750244314963664,1.0,1.0,0.0,0.0,0.01593685996813557
weak_both,0.3,0.3,500,3,82,0.0,100,0.0,0.0004760071534994542,-0.0018708674904363337,0.013196862813696237,0.011443717424868398,1.0,1.0,0.8947368421052632,0.918918918918919,0.009457281972794074
weak_both,0.3,0.3,500,3,82,0.2,100,0.0,-0.07063837445871496,-0.07164368828896853,0.07167921880084732,0.07240433211273052,1.0,1.0,0.0,0.0,0.005899490869442267
weak_both,0.3,0.3,500,5,20,0.0,100,0.0,-0.0011409581934212587,3.969842378487076e-05,0.010137233597071494,0.008432161243181024,1.0,1.0,0.9591836734693877,0.9534883720930233,-0.0032971326119632573
weak_both,0.3,0.3,500,5,20,0.2,100,0.0,-0.07206621573073595,-0.07312168565128979,0.07264482661636901,0.07371921250879818,1.0,1.0,0.0,0.0,0.006089884826332461
weak_both,0.3,0.3,500,5,82,0.0,100,0.0,0.0014502278631430305,-0.00018563264813044545,0.009533986115430566,0.007715495990673472,1.0,1.0,0.90625,0.967741935483871,0.006022524347586431
weak_both,0.3,0.3,500,5,82,0.2,100,0.0,-0.06960205273438012,-0.07230468812341628,0.0703061899141028,0.07268835134935611,1.0,1.0,0.0,0.0,0.013055948161521929
weak_both,0.3,0.3,1000,1,20,0.0,100,0.0,-0.0014753667903409779,0.0009336072179339544,0.016294255017679272,0.014583613326525413,1.0,1.0,0.9111111111111111,0.9130434782608695,-0.00608241530294228
weak_both,0.3,0.3,1000,1,20,0.2,100,0.0,-0.07146063524744649,-0.07256955134711571,0.07286646177483855,0.0735866700647505,1.0,1.0,0.0,0.0,0.007335258092340459
weak_both,0.3,0.3,1000,1,82,0.0,100,0.0,-0.0029747565594552185,0.0027124532231945168,0.016026495595102712,0.01450196182051022,1.0,1.0,0.86,0.9622641509433962,-0.01716014298327593
weak_both,0.3,0.3,1000,1,82,0.2,100,0.0,-0.06857969819211462,-0.0732120605923645,0.06993407357095056,0.07415276252968196,1.0,1.0,0.0,0.0,0.023005340390143184
weak_both,0.3,0.3,1000,3,20,0.0,100,0.0,0.0011454809341596506,-0.0004923033140372385,0.008247503581358593,0.008655376107377098,1.0,1.0,0.9148936170212766,0.9285714285714286,0.006194452738986024
weak_both,0.3,0.3,1000,3,20,0.2,100,0.0,-0.07091811370904703,-0.07327094587614864,0.07135561434535874,0.07360821283211465,1.0,1.0,0.0,0.0,0.011168703319938798
weak_both,0.3,0.3,1000,3,82,0.0,100,0.0,0.000874850774889468,0.00038711268605887914,0.008763811833887534,0.007836542316013795,1.0,1.0,0.9333333333333333,0.868421052631579,0.0023580570137552936
weak_both,0.3,0.3,1000,3,82,0.2,100,0.0,-0.0693527452749743,-0.07169672319731209,0.06980411447028038,0.07219267365948265,1.0,1.0,0.0,0.0,0.011346717780515552
weak_both,0.3,0.3,1000,5,20,0.0,100,0.0,-0.0003326600306504313,-0.0006566923113689621,0.0068819888641604154,0.006284028577258422,1.0,1.0,0.918918918918919,0.918918918918919,0.0014781026896986615
weak_both,0.3,0.3,1000,5,20,0.2,100,0.0,-0.07205338570611292,-0.07352072026820593,0.07232795212242366,0.07370191187482562,1.0,1.0,0.0,0.0,0.006887417885105447
weak_both,0.3,0.3,1000,5,82,0.0,100,0.0,0.0007766425944393896,0.0003154165528020969,0.006412741760948883,0.006283852652862347,1.0,1.0,0.896551724137931,1.0,0.0019844795853313957
weak_both,0.3,0.3,1000,5,82,0.2,100,0.0,-0.06940521375119356,-0.07162456069006919,0.0696417670736505,0.07183461434062413,1.0,1.0,0.0,0.0,0.0101295636307879
balanced,1.0,1.0,50,1,20,0.0,100,0.0,0.02036252700168062,0.007456974553490201,0.1627499012494679,0.17093381774845115,1.0,1.0,0.9736842105263158,0.9166666666666666,0.027893400203044285
balanced,1.0,1.0,50,1,20,0.2,100,0.0,-0.4680825957887426,-0.47634464148041217,0.4781696948572267,0.49046548431153364,1.0,1.0,0.015873015873015872,0.014925373134328358,0.04598262482842788
balanced,1.0,1.0,50,1,82,0.0,100,0.0,-0.003455991556752913,0.03895592600385861,0.13528035110964096,0.16191713415354303,1.0,1.0,0.9855072463768116,0.9605263157894737,-0.02051118486437617
balanced,1.0,1.0,50,1,82,0.2,100,0.0,-0.4174539445679507,-0.44588215546401466,0.43441614585742405,0.463177779257727,1.0,1.0,0.07017543859649122,0.05357142857142857,0.08021709436487623
balanced,1.0,1.0,50,3,20,0.0,100,0.0,0.018116868665726565,0.021857079315865783,0.09387742619305485,0.09090914518218512,1.0,1.0,0.9230769230769231,0.8135593220338984,-0.0009226985736484294
balanced,1.0,1.0,50,3,20,0.2,100,0.0,-0.4712716615438375,-0.48952913624406824,0.4754535157780903,0.4933699617349229,1.0,1.0,0.0,0.0,0.04001826890768956
balanced,1.0,1.0,50,3,82,0.0,100,0.0,0.00527420537744657,0.002188810117303218,0.0744788670073468,0.07936912694366767,1.0,1.0,0.9454545454545454,0.9166666666666666,0.008273629892078084
balanced,1.0,1.0,50,3,82,0.2,100,0.0,-0.42647292250648566,-0.47221632853794143,0.4321774532135779,0.475743668023656,1.0,1.0,0.0,0.0,0.09136682023375312
balanced,1.0,1.0,50,5,20,0.0,100,0.0,0.015645676053247008,0.0087966775949993,0.06693565237214902,0.06485450801150448,1.0,1.0,0.896551724137931,0.8727272727272727,0.007881436517549913
balanced,1.0,1.0,50,5,20,0.2,100,0.0,-0.4718883164992074,-0.4794211905383124,0.47463199036657266,0.4814120464586121,1.0,1.0,0.0,0.0,0.01593735054992007
balanced,1.0,1.0,50,5,82,0.0,100,0.0,0.01328139561466914,0.006139279996899876,0.05969934441793621,0.06259422009351528,1.0,1.0,0.9215686274509803,0.88,0.00978009487197854
balanced,1.0,1.0,50,5,82,0.2,100,0.0,-0.412539606458989,-0.45507288150151604,0.4164700911893868,0.4578467830591952,1.0,1.0,0.0,0.0,0.08070177200903843
balanced,1.0,1.0,100,1,20,0.0,100,0.0,0.02891710914066288,0.04161917683031268,0.129838133545678,0.12619737736679226,1.0,1.0,0.9436619718309859,0.9078947368421053,-0.005645577094088078
balanced,1.0,1.0,100,1,20,0.2,100,0.0,-0.465872142885372,-0.49769783613834007,0.47258816055744207,0.5026780285582424,1.0,1.0,0.0,0.0,0.07412660178042899
balanced,1.0,1.0,100,1,82,0.0,100,0.0,0.01602458427088925,0.012282454378885145,0.094195614258302,0.10815545873152364,1.0,1.0,0.9358974358974359,0.9473684210526315,0.013197207930978281
balanced,1.0,1.0,100,1,82,0.2,100,0.0,-0.41167659616069635,-0.45753032199617044,0.42253810787250284,0.4639158308130671,1.0,1.0,0.0,0.0,0.09436883909600109
balanced,1.0,1.0,100,3,20,0.0,100,0.0,0.007234012980818855,0.004184782333409707,0.06306968829282149,0.059939871515157686,1.0,1.0,0.9666666666666667,0.8615384615384616,0.004058915809554122
balanced,1.0,1.0,100,3,20,0.2,100,0.0,-0.4686594450970315,-0.4866315473270483,0.4711873274346308,0.4889056799991684,1.0,1.0,0.0,0.0,0.03842510094727223
balanced,1.0,1.0,100,3,82,0.0,100,0.0,-0.006147921778585539,-0.0050069688788086895,0.04994704391112547,0.05467884109285773,1.0,1.0,0.96875,0.9516129032258065,0.0015333225789389204
balanced,1.0,1.0,100,3,82,0.2,100,0.0,-0.4378920613083615,-0.4668965073634494,0.4402488390474487,0.4686919207304195,1.0,1.0,0.0,0.0,0.057127922865689004
balanced,1.0,1.0,100,5,20,0.0,100,0.0,-0.003915337681961673,0.0034011652046653383,0.05103182187105012,0.05076838010708972,1.0,1.0,0.8518518518518519,0.8448275862068966,-0.0068243090135717485
balanced,1.0,1.0,100,5,20,0.2,100,0.0,-0.4625859984933988,-0.4751618129662692,0.463764267754069,0.4764320153051956,1.0,1.0,0.0,0.0,0.025518834389469523
balanced,1.0,1.0,100,5,82,0.0,100,0.0,-0.0005579353917278396,0.0020052207865923644,0.039858699967215326,0.04240381933020319,1.0,1.0,0.9090909090909091,0.9574468085106383,-0.0013441778863449029
balanced,1.0,1.0,100,5,82,0.2,100,0.0,-0.42468726528127476,-0.4547395826463399,0.4262659066252852,0.45575591569322754,1.0,1.0,0.0,0.0,0.05624070679170537
balanced,1.0,1.0,250,1,20,0.0,100,0.0,0.013565089375977852,0.01575599827892828,0.08594386581362967,0.07856625086801386,1.0,1.0,0.8301886792452831,0.875,-3.971920457089828e-06
balanced,1.0,1.0,250,1,20,0.2,100,0.0,-0.47306572988317586,-0.4945827858898014,0.4749824248256979,0.49636402123423645,1.0,1.0,0.0,0.0,0.04650490660872312
balanced,1.0,1.0,250,1,82,0.0,100,0.0,-0.008260023674394601,0.0012964042504480145,0.05853873586404087,0.0656451726614735,1.0,1.0,0.9629629629629629,0.9107142857142857,-0.005976438504160076
balanced,1.0,1.0,250,1,82,0.2,100,0.0,-0.4309572849437871,-0.46140838869341894,0.43485356400577885,0.46465820157763554,1.0,1.0,0.0,0.0,0.060869141717861605
balanced,1.0,1.0,250,3,20,0.0,100,0.0,0.00022282158788902162,0.0027163133525620908,0.039787583728065776,0.03568044189274902,1.0,1.0,0.9074074074074074,0.9272727272727272,-0.0021799945617753534
balanced,1.0,1.0,250,3,20,0.2,100,0.0,-0.4741178930474233,-0.490555657150976,0.4749274872627863,0.49128281692701165,1.0,1.0,0.0,0.0,0.03312274868009696
balanced,1.0,1.0,250,3,82,0.0,100,0.0,0.007462956612762428,0.007049567361674126,0.03531916720789911,0.033111912775944316,1.0,1.0,0.9322033898305084,0.9482758620689655,0.001217463969163357
balanced,1.0,1.0,250,3,82,0.2,100,0.0,-0.43255884905409464,-0.46520172818780575,0.43329412628148384,0.4659818852578334,1.0,1.0,0.0,0.0,0.06301183701625493
balanced,1.0,1.0,250,5,20,0.0,100,0.0,-0.0007890403288490277,-0.00012987281028332354,0.02671590210704061,0.024871833092286383,1.0,1.0,0.8695652173913043,0.9574468085106383,-0.0004962211497744362
balanced,1.0,1.0,250,5,20,0.2,100,0.0,-0.4714005402381966,-0.48239231658333526,0.47195629925734195,0.4827785883350339,1.0,1.0,0.0,0.0,0.02140015254778043
balanced,1.0,1.0,250,5,82,0.0,100,0.0,0.0004911486594843173,0.0006393870611520825,0.027814114600030852,0.028978404360758776,1.0,1.0,0.9795918367346939,0.8823529411764706,0.0004361258427847436
balanced,1.0,1.0,250,5,82,0.2,100,0.0,-0.4259546167907026,-0.4571529678354825,0.42652199540804747,0.4576528314170908,1.0,1.0,0.0,0.0,0.058271729837833276
balanced,1.0,1.0,500,1,20,0.0,100,0.0,0.007780538708896085,0.01459117543482959,0.04988772061502392,0.05299617500436365,1.0,1.0,0.8214285714285714,0.9230769230769231,-0.005479807289601577
balanced,1.0,1.0,500,1,20,0.2,100,0.0,-0.4839186867089843,-0.5044066498593941,0.48532950807828773,0.5053523889081946,1.0,1.0,0.0,0.0,0.04248706388149488
balanced,1.0,1.0,500,1,82,0.0,100,0.0,0.010275192957921474,-0.0006749329005255689,0.04974858137228007,0.04292869477585574,1.0,1.0,0.9285714285714286,0.8888888888888888,0.012586703606511698
balanced,1.0,1.0,500,1,82,0.2,100,0.0,-0.4317214878960874,-0.4703966443142371,0.4330031388413894,0.47183700160679576,1.0,1.0,0.0,0.0,0.07539230631818633
balanced,1.0,1.0,500,3,20,0.0,100,0.0,0.001750128285438719,0.0010930045576196367,0.028708727308047542,0.027999446051542073,1.0,1.0,0.8928571428571429,0.9038461538461539,0.0008408691473555707
balanced,1.0,1.0,500,3,20,0.2,100,0.0,-0.4755965080828013,-0.48924395671029525,0.4759434811990004,0.4895840842520658,1.0,1.0,0.0,0.0,0.02728265927759017
balanced,1.0,1.0,500,3,82,0.0,100,0.0,-0.00021005552537570193,-0.0031867521753729945,0.0248274147257806,0.02363634730766734,1.0,1.0,0.9464285714285714,0.94,0.0034574865853066817
balanced,1.0,1.0,500,3,82,0.2,100,0.0,-0.42657034728045007,-0.46540907336066334,0.4270903791111838,0.4658439685083352,1.0,1.0,0.0,0.0,0.0732941509039427
balanced,1.0,1.0,500,5,20,0.0,100,0.0,-0.0013252215120880962,-0.0008304740597908477,0.021420070596388268,0.018694786199709573,1.0,1.0,0.8695652173913043,0.8181818181818182,-0.0004462280542942798
balanced,1.0,1.0,500,5,20,0.2,100,0.0,-0.4686378075823411,-0.4809604755335821,0.4689192488390687,0.48122419240782704,1.0,1.0,0.0,0.0,0.023941385510044714
balanced,1.0,1.0,500,5,82,0.0,100,0.0,0.004326215088172832,-0.0010991559761213898,0.017883675338725348,0.019214394862103464,1.0,1.0,1.0,0.9333333333333333,0.005728372432234464
balanced,1.0,1.0,500,5,82,0.2,100,0.0,-0.42671322085091945,-0.45952594033533045,0.4269697586133843,0.4597500433462211,1.0,1.0,0.0,0.0,0.06110439421370719
balanced,1.0,1.0,1000,1,20,0.0,100,0.0,0.003698921544087507,0.004704607778256204,0.03957254684077243,0.03877928312097417,1.0,1.0,0.8823529411764706,0.8717948717948718,-0.00038563359574902756
balanced,1.0,1.0,1000,1,20,0.2,100,0.0,-0.4841464528628001,-0.5054411171035192,0.4848159674971606,0.5058576406603077,1.0,1.0,0.0,0.0,0.04368554894066071
balanced,1.0,1.0,1000,1,82,0.0,100,0.0,0.0035070194723271775,0.0012072967584178195,0.035285027642155416,0.03100460627225868,1.0,1.0,0.8936170212765957,0.98,0.003063356936279746
balanced,1.0,1.0,1000,1,82,0.2,100,0.0,-0.4343942629874057,-0.47066800309610746,0.43513487116562816,0.47121562846312076,1.0,1.0,0.0,0.0,0.06957725849485742
balanced,1.0,1.0,1000,3,20,0.0,100,0.0,0.00406218663540738,0.0018468755837488192,0.021489833204296985,0.021168813643144924,1.0,1.0,0.8260869565217391,0.86,0.0023721922055035937
balanced,1.0,1.0,1000,3,20,0.2,100,0.0,-0.4770439983795882,-0.4930206312880168,0.4772834854260983,0.4932654257889338,1.0,1.0,0.0,0.0,0.03183245336542382
balanced,1.0,1.0,1000,3,82,0.0,100,0.0,0.0007853118715467222,0.0010855098095531935,0.01678072082256981,0.018617867967325254,1.0,1.0,0.9574468085106383,0.9111111111111111,-2.4156640173622623e-05
balanced,1.0,1.0,1000,3,82,0.2,100,0.0,-0.42921911142595875,-0.4636441120467015,0.4294529816808231,0.4638680635890153,1.0,1.0,0.0,0.0,0.064527304125659
balanced,1.0,1.0,1000,5,20,0.0,100,0.0,0.0015798746783807038,0.0014755536681960357,0.016395272795329662,0.015626883739673456,1.0,1.0,0.8478260869565217,0.8823529411764706,0.00014999629932834434
balanced,1.0,1.0,1000,5,20,0.2,100,0.0,-0.4689000132455221,-0.4796103423543094,0.4690530176418901,0.47976008468445247,1.0,1.0,0.0,0.0,0.02069542739986231
balanced,1.0,1.0,1000,5,82,0.0,100,0.0,0.0011645015492466081,-0.0013640662617367427,0.013680661631583609,0.012764627977747594,1.0,1.0,0.9375,0.9411764705882353,0.0026068651341920857
balanced,1.0,1.0,1000,5,82,0.2,100,0.0,-0.42832717214742827,-0.4583742561456852,0.42846126413306196,0.4585018070330405,1.0,1.0,0.0,0.0,0.055670352110491504
evidence_dominant,0.2,1.5,50,1,20,0.0,100,0.0,-0.017424537760583298,0.034218179818783986,0.08599198427465882,0.23760439892367868,0.98,1.0,0.9054054054054054,0.8717948717948718,-0.01320594924056782
evidence_dominant,0.2,1.5,50,1,20,0.2,100,0.0,-0.08346993378767609,-0.8533408613093192,0.1057384112697831,0.8665526115988348,0.98,1.0,0.6621621621621622,0.0,0.05144373187150956
evidence_dominant,0.2,1.5,50,1,82,0.0,100,0.0,0.0010227839995977537,-0.0012112853398916746,0.0679948499205405,0.21011505469275013,1.0,1.0,0.948051948051948,0.8461538461538461,0.0027400264789772012
evidence_dominant,0.2,1.5,50,1,82,0.2,100,0.0,-0.038215710920126475,-0.8089230968707808,0.0726028724511662,0.8237336537561536,0.99,1.0,0.9454545454545454,0.014705882352941176,0.10563833000266708
evidence_dominant,0.2,1.5,50,3,20,0.0,100,0.0,0.0032993023797848933,0.01562958703777192,0.04369052447687862,0.13276450452184765,1.0,1.0,0.9552238805970149,0.8421052631578947,0.0011988456400121908
evidence_dominant,0.2,1.5,50,3,20,0.2,100,0.0,-0.09165435697393881,-0.8456330449894826,0.0975105678718824,0.8496607083739445,1.0,1.0,0.32608695652173914,0.0,0.033739566923455484
evidence_dominant,0.2,1.5,50,3,82,0.0,100,0.0,0.005901993142012469,0.010585243001111567,0.038029098686296864,0.1324075319103905,1.0,1.0,0.961038961038961,0.84,0.004008397001422146
evidence_dominant,0.2,1.5,50,3,82,0.2,100,0.0,-0.05472561730886851,-0.836558445414449,0.06318893186226639,0.8417253013653838,1.0,1.0,0.6666666666666666,0.0,0.0886980531715468
evidence_dominant,0.2,1.5,50,5,20,0.0,100,0.0,0.00037444155000609854,0.012369715126931224,0.040471572943815905,0.10304853308579086,1.0,1.0,0.8970588235294118,0.8939393939393939,-0.0006798692921009775
evidence_dominant,0.2,1.5,50,5,20,0.2,100,0.0,-0.09580429882451058,-0.8253405455635229,0.10002968700298062,0.8283569541957441,1.0,1.0,0.09090909090909091,0.0,0.022109426703652246
evidence_dominant,0.2,1.5,50,5,82,0.0,100,0.0,0.002410426334980824,0.014009472573735809,0.02467713065955239,0.08694292013217396,1.0,1.0,0.984375,0.8524590163934426,0.0005889423813482665
evidence_dominant,0.2,1.5,50,5,82,0.2,100,0.0,-0.05574798843748648,-0.8330707372797161,0.06143399358719365,0.8361057824663447,1.0,1.0,0.3870967741935484,0.0,0.08470413483757529
evidence_dominant,0.2,1.5,100,1,20,0.0,100,0.0,-0.0022502979962493964,0.042659733824119556,0.057637360447129964,0.1729466366350064,0.99,1.0,0.925,0.875,-0.00431235476919508
evidence_dominant,0.2,1.5,100,1,20,0.2,100,0.0,-0.07522638704565651,-0.8493973476778397,0.08682774159357327,0.8560183425490656,1.0,1.0,0.5694444444444444,0.0,0.0624399644823976
evidence_dominant,0.2,1.5,100,1,82,0.0,100,0.0,-0.011237593226241223,0.010164144095865715,0.0457083671586363,0.16529983361844383,1.0,1.0,0.9302325581395349,0.8717948717948718,-0.007717071614695223
evidence_dominant,0.2,1.5,100,1,82,0.2,100,0.0,-0.05274802955334994,-0.854600453979057,0.07015501455093398,0.8619598587575582,1.0,1.0,0.7049180327868853,0.0,0.09937290826342661
evidence_dominant,0.2,1.5,100,3,20,0.0,100,0.0,0.002698122942794853,0.00896519936628924,0.033189572175165584,0.10164885980762177,1.0,1.0,0.958904109589041,0.8571428571428571,0.001204895856222477
evidence_dominant,0.2,1.5,100,3,20,0.2,100,0.0,-0.09005818366420587,-0.8275956256776003,0.0942563681491654,0.8293685241745121,1.0,1.0,0.06666666666666667,0.0,0.030792975304743418
evidence_dominant,0.2,1.5,100,3,82,0.0,100,0.0,-0.0017359919922614792,0.00456894223468492,0.024308643664682425,0.08783417377750412,1.0,1.0,0.9342105263157895,0.8115942028985508,-0.0011472937263989796
evidence_dominant,0.2,1.5,100,3,82,0.2,100,0.0,-0.05471168042307139,-0.8296001670348381,0.05875835126293855,0.8320542280693914,1.0,1.0,0.32727272727272727,0.0,0.08482195000230734
evidence_dominant,0.2,1.5,100,5,20,0.0,100,0.0,-0.00571048906958169,-0.0033795203978347565,0.029585044266346932,0.06672541050638886,1.0,1.0,0.9230769230769231,0.8428571428571429,-0.0033547898550376487
evidence_dominant,0.2,1.5,100,5,20,0.2,100,0.0,-0.09401974791290002,-0.8208950122199355,0.09549841759814591,0.8222421002549472,1.0,1.0,0.0,0.0,0.02334550076876609
evidence_dominant,0.2,1.5,100,5,82,0.0,100,0.0,0.002276014106103411,0.007111104164754012,0.01772029037437018,0.060316082363226727,1.0,1.0,0.9846153846153847,0.9137931034482759,0.0010903033227715466
evidence_dominant,0.2,1.5,100,5,82,0.2,100,0.0,-0.057693859906148726,-0.8413558607363483,0.06078657721369458,0.8426076826700789,1.0,1.0,0.16393442622950818,0.0,0.08336140943870914
evidence_dominant,0.2,1.5,250,1,20,0.0,100,0.0,0.00013825033237617302,0.021369465598055384,0.03384031035637312,0.1281487208838838,1.0,1.0,0.9459459459459459,0.8421052631578947,-0.0010894266527192308
evidence_dominant,0.2,1.5,250,1,20,0.2,100,0.0,-0.07925045787743713,-0.8567742819135369,0.08263611600072493,0.8587874456791446,1.0,1.0,0.17307692307692307,0.0,0.05567421916025648
evidence_dominant,0.2,1.5,250,1,82,0.0,100,0.0,-0.0033185413441232958,0.011468028334949365,0.030919090697539432,0.10269426328637275,1.0,1.0,0.9180327868852459,0.8103448275862069,-0.002888531808305731
evidence_dominant,0.2,1.5,250,1,82,0.2,100,0.0,-0.0576825080399682,-0.8570560378459708,0.06421102015038979,0.8598194741246653,1.0,1.0,0.48333333333333334,0.0,0.08909129581988323
evidence_dominant,0.2,1.5,250,3,20,0.0,100,0.0,0.00018449684669266637,0.003323450826733052,0.018241203261018423,0.06033702374304326,1.0,1.0,0.9705882352941176,0.890625,-8.042923697564195e-05
evidence_dominant,0.2,1.5,250,3,20,0.2,100,0.0,-0.09082185660218975,-0.8417086564019682,0.0918453942340409,0.8425328649108713,1.0,1.0,0.0,0.0,0.03288599933013889
evidence_dominant,0.2,1.5,250,3,82,0.0,100,0.0,0.0015783883390733835,0.008571048290670437,0.015655325711181813,0.049197868028155775,1.0,1.0,0.9859154929577465,0.8695652173913043,0.0003398812678484259
evidence_dominant,0.2,1.5,250,3,82,0.2,100,0.0,-0.05655118413782056,-0.8408132286008712,0.05870346326248712,0.8416249090053024,1.0,1.0,0.08163265306122448,0.0,0.08463294970855094
evidence_dominant,0.2,1.5,250,5,20,0.0,100,0.0,-0.0001769995035046623,0.0005653578687069304,0.017784695903408376,0.046265574443722965,1.0,1.0,0.9122807017543859,0.8490566037735849,-0.00019105915207323534
evidence_dominant,0.2,1.5,250,5,20,0.2,100,0.0,-0.09525298791028745,-0.8197419670536054,0.09592936507475104,0.8202359137305344,1.0,1.0,0.0,0.0,0.020776982293862913
evidence_dominant,0.2,1.5,250,5,82,0.0,100,0.0,-0.00031610410383423076,-0.002974352608554902,0.01203271077241001,0.03611162012965958,1.0,1.0,0.9821428571428571,0.9298245614035088,0.00011389404710074976
evidence_dominant,0.2,1.5,250,5,82,0.2,100,0.0,-0.0594511853824002,-0.8345748571069551,0.06063360502364459,0.8351261988624653,1.0,1.0,0.0,0.0,0.07816027110847261
evidence_dominant,0.2,1.5,500,1,20,0.0,100,0.0,0.004197535727729655,0.010817269851482353,0.02505704835528065,0.08175181011710742,1.0,1.0,0.9137931034482759,0.8405797101449275,0.002000550369733403
evidence_dominant,0.2,1.5,500,1,20,0.2,100,0.0,-0.07757713336969169,-0.8652672463361942,0.0802241614065547,0.8665745951389701,1.0,1.0,0.05454545454545454,0.0,0.05977092844541256
evidence_dominant,0.2,1.5,500,1,82,0.0,100,0.0,0.0008125935435392825,0.0011587171351535265,0.02094991958790757,0.06443731588980878,1.0,1.0,0.9322033898305084,0.8709677419354839,0.0006086927168418518
evidence_dominant,0.2,1.5,500,1,82,0.2,100,0.0,-0.05092224959608169,-0.856565958180353,0.054574461860845074,0.8576782316256097,1.0,1.0,0.24615384615384617,0.0,0.09888102750354662
evidence_dominant,0.2,1.5,500,3,20,0.0,100,0.0,-0.0016585125031165244,-0.001225497720573816,0.013893929665039806,0.039392185376515426,1.0,1.0,0.9565217391304348,0.8611111111111112,-0.0009885939828920662
evidence_dominant,0.2,1.5,500,3,20,0.2,100,0.0,-0.08715506837027226,-0.8434819995032359,0.0878282712612706,0.8438415465612645,1.0,1.0,0.0,0.0,0.03858322695345514
evidence_dominant,0.2,1.5,500,3,82,0.0,100,0.0,7.609066131127329e-05,0.0017248693026406482,0.011546531700897679,0.03973883615480466,1.0,1.0,0.9354838709677419,0.8787878787878788,-2.2322525280367435e-05
evidence_dominant,0.2,1.5,500,3,82,0.2,100,0.0,-0.057079839264608107,-0.8429244480476521,0.05809969687355968,0.8432814236498122,1.0,1.0,0.0,0.0,0.08436705094234512
evidence_dominant,0.2,1.5,500,5,20,0.0,100,0.0,-0.0005418928294922018,0.0020537136299574386,0.010386988376636139,0.03244125702880259,1.0,1.0,0.9454545454545454,0.8448275862068966,-0.000511112613630134
evidence_dominant,0.2,1.5,500,5,20,0.2,100,0.0,-0.09623079910041561,-0.8244643009821329,0.09665038302002293,0.8247281842203515,1.0,1.0,0.0,0.0,0.020274897580522956
evidence_dominant,0.2,1.5,500,5,82,0.0,100,0.0,-0.0001023716546249756,0.0004824177384897843,0.008108024160803941,0.029318871612598153,1.0,1.0,0.9622641509433962,0.8823529411764706,-7.482330002717822e-05
evidence_dominant,0.2,1.5,500,5,82,0.2,100,0.0,-0.05963968118696501,-0.8373584761384811,0.060352642908940594,0.8375594088312192,1.0,1.0,0.0,0.0,0.07863574254806331
evidence_dominant,0.2,1.5,1000,1,20,0.0,100,0.0,0.0004932581611787584,0.0009986826177085417,0.01877117640377904,0.048413465884889935,1.0,1.0,0.9166666666666666,0.9411764705882353,0.0002686140015100114
evidence_dominant,0.2,1.5,1000,1,20,0.2,100,0.0,-0.08087019211957099,-0.863351834639231,0.08215042216482567,0.8639140258772556,1.0,1.0,0.0,0.0,0.05404291043541181
evidence_dominant,0.2,1.5,1000,1,82,0.0,100,0.0,0.00044745203019507684,0.003059131457611768,0.013076804240414014,0.049819652767322295,1.0,1.0,0.9538461538461539,0.7719298245614035,0.00011501765981597176
evidence_dominant,0.2,1.5,1000,1,82,0.2,100,0.0,-0.05063501340309411,-0.845363179491471,0.052528052573836276,0.8459233332583548,1.0,1.0,0.04838709677419355,0.0,0.09509222020203517
evidence_dominant,0.2,1.5,1000,3,20,0.0,100,0.0,0.0001771930550406875,0.0020915526430035246,0.010082551871529588,0.02876723157835006,1.0,1.0,0.9365079365079365,0.8769230769230769,-3.00887914976522e-05
evidence_dominant,0.2,1.5,1000,3,20,0.2,100,0.0,-0.08906223368114696,-0.842619890404152,0.08939271710080955,0.8428459820305617,1.0,1.0,0.0,0.0,0.03551439280680447
evidence_dominant,0.2,1.5,1000,3,82,0.0,100,0.0,0.0008687585306764761,-0.0033967388060846693,0.00814831030163072,0.028621017014387882,1.0,1.0,0.9420289855072463,0.8695652173913043,0.0009338911997144573
evidence_dominant,0.2,1.5,1000,3,82,0.2,100,0.0,-0.05436287428279694,-0.8438904084432697,0.05490632356077556,0.8440811648642899,1.0,1.0,0.0,0.0,0.08875652925249453
evidence_dominant,0.2,1.5,1000,5,20,0.0,100,0.0,0.0002716221415943554,0.0023322323400474733,0.008448567704335561,0.022670009079203874,1.0,1.0,0.9615384615384616,0.9019607843137255,-2.3493057629238035e-05
evidence_dominant,0.2,1.5,1000,5,20,0.2,100,0.0,-0.09574043351787437,-0.8224577736357576,0.09597691224838317,0.822590356329014,1.0,1.0,0.0,0.0,0.02055329334011956
evidence_dominant,0.2,1.5,1000,5,82,0.0,100,0.0,-0.00014881895406685386,0.002679395879396953,0.0061210047790300984,0.01946350513738818,1.0,1.0,1.0,0.8913043478260869,-0.0003235450846872569
evidence_dominant,0.2,1.5,1000,5,82,0.2,100,0.0,-0.05899272155752385,-0.8341951728340488,0.05934531705982435,0.8343355813554544,1.0,1.0,0.0,0.0,0.07852738130655673
prior_dominant,1.5,0.2,50,1,20,0.0,100,0.0,0.11180376284833138,0.0018977835084816339,0.2838496086346987,0.07196561451008336,1.0,1.0,0.84375,0.9310344827586207,1.6592282993053604
prior_dominant,1.5,0.2,50,1,20,0.2,100,0.0,-0.7677085065897588,-0.06798092591122487,0.7848689157058533,0.08755176817472611,1.0,0.99,0.0,0.7115384615384616,-0.45736549845674285
prior_dominant,1.5,0.2,50,1,82,0.0,100,0.0,0.03430107091058054,0.008352224384620612,0.21058576644648846,0.06231322886237595,1.0,1.0,0.8604651162790697,0.8979591836734694,0.6581054392783873
prior_dominant,1.5,0.2,50,1,82,0.2,100,0.0,-0.7133249263940203,-0.04676632486968723,0.7338343045139546,0.07324312330427613,1.0,1.0,0.03508771929824561,0.8181818181818182,-1.5939773267772184
prior_dominant,1.5,0.2,50,3,20,0.0,100,0.0,0.0007072182319831244,-0.003772483381993218,0.1363036894396646,0.03663251766354595,1.0,1.0,0.8307692307692308,0.9857142857142858,0.4626401703392608
prior_dominant,1.5,0.2,50,3,20,0.2,100,0.0,-0.7628704245715368,-0.07664821607259871,0.7685830987769199,0.0832562797017159,1.0,1.0,0.0,0.3617021276595745,-0.831618321973041
prior_dominant,1.5,0.2,50,3,82,0.0,100,0.0,0.0026768830448777228,0.0020207262953369208,0.1137705344899122,0.03742337346396764,1.0,1.0,0.95,0.8979591836734694,0.21264525029229794
prior_dominant,1.5,0.2,50,3,82,0.2,100,0.0,-0.7635152396184947,-0.048396322555030666,0.7687243964713545,0.0559710126880684,1.0,1.0,0.0,0.75,-2.472316864667852
prior_dominant,1.5,0.2,50,5,20,0.0,100,0.0,0.008743375972402902,0.0017404780458461042,0.09040866373002396,0.03257774260294434,1.0,1.0,0.8771929824561403,0.9302325581395349,0.1723565135994054
prior_dominant,1.5,0.2,50,5,20,0.2,100,0.0,-0.7512748228242708,-0.08754398793043353,0.7553780505765888,0.09090280977475726,1.0,1.0,0.0,0.04081632653061224,-0.545211844366146
prior_dominant,1.5,0.2,50,5,82,0.0,100,0.0,0.010238719629266731,0.0038802008381943025,0.09273282954850948,0.022819101070823942,1.0,1.0,0.8372093023255814,0.9285714285714286,-0.0034318400278624582
prior_dominant,1.5,0.2,50,5,82,0.2,100,0.0,-0.770861997090351,-0.058588983570379206,0.7739477237175754,0.06314351104979375,1.0,1.0,0.0,0.25396825396825395,-2.2066442480334687
prior_dominant,1.5,0.2,100,1,20,0.0,100,0.0,0.011307461866553993,-0.0034515103590995965,0.1479934624277399,0.04630873886712387,1.0,1.0,0.921875,0.8771929824561403,0.7038670173552061
prior_dominant,1.5,0.2,100,1,20,0.2,100,0.0,-0.7931781318115725,-0.06992229237582287,0.7992292779929593,0.08136860789742704,1.0,1.0,0.0,0.43548387096774194,-1.5365685953751305
prior_dominant,1.5,0.2,100,1,82,0.0,100,0.0,0.009898919691290644,0.001554710623282563,0.14461634795117184,0.03562438367427906,1.0,1.0,0.8809523809523809,0.9777777777777777,0.22874084291313487
prior_dominant,1.5,0.2,100,1,82,0.2,100,0.0,-0.7728701228473471,-0.049304579701078606,0.7815499690330046,0.061416290534069544,1.0,1.0,0.0,0.6666666666666666,-2.432739920654869
prior_dominant,1.5,0.2,100,3,20,0.0,100,0.0,0.007225961556732112,0.00244112822620526,0.097950133811738,0.02908688154104085,1.0,1.0,0.7966101694915254,0.9206349206349206,0.08338219006277552
prior_dominant,1.5,0.2,100,3,20,0.2,100,0.0,-0.7642290301719629,-0.08237492161660322,0.7671855501396994,0.08506835674580415,1.0,1.0,0.0,0.023809523809523808,-1.0640071910767708
prior_dominant,1.5,0.2,100,3,82,0.0,100,0.0,-0.0021771477427848973,0.0034832334067025185,0.08021315538331542,0.022681570607458883,1.0,1.0,0.8478260869565217,0.9761904761904762,-0.0473741185407007
prior_dominant,1.5,0.2,100,3,82,0.2,100,0.0,-0.7718345835252473,-0.05354725619670187,0.7739458998478104,0.05771434592630729,1.0,1.0,0.0,0.36585365853658536,-2.425028908793303
prior_dominant,1.5,0.2,100,5,20,0.0,100,0.0,0.005596306389038137,0.0004051256263391848,0.06788916232303953,0.021535118870538293,1.0,1.0,0.8,0.9230769230769231,0.0892831926817848
prior_dominant,1.5,0.2,100,5,20,0.2,100,0.0,-0.7516784917846624,-0.0832547843996255,0.7530009005160864,0.08467445968413188,1.0,1.0,0.0,0.0,-0.9913189445932996
prior_dominant,1.5,0.2,100,5,82,0.0,100,0.0,-0.0036679297942920795,-0.0037525029461078696,0.0603717489774012,0.015734947192498773,1.0,1.0,0.8541666666666666,0.9772727272727273,0.1696062667425291
prior_dominant,1.5,0.2,100,5,82,0.2,100,0.0,-0.7667657990001127,-0.05758229667402832,0.7679779421313291,0.05988055440944089,1.0,1.0,0.0,0.08,-2.2881124066863596
prior_dominant,1.5,0.2,250,1,20,0.0,100,0.0,0.006427903127140744,0.0038715980094145785,0.11347706679299704,0.029841985616904335,1.0,1.0,0.7368421052631579,0.9473684210526315,0.05037263471208798
prior_dominant,1.5,0.2,250,1,20,0.2,100,0.0,-0.7964434642224041,-0.07131914476449701,0.7992558462472974,0.07607910050565855,1.0,1.0,0.0,0.20512820512820512,-1.7956591139348048
prior_dominant,1.5,0.2,250,1,82,0.0,100,0.0,0.014885382795845687,0.0036144872666806467,0.09687332422792876,0.02756265255028635,1.0,1.0,0.8,0.9523809523809523,0.09189915281766625
prior_dominant,1.5,0.2,250,1,82,0.2,100,0.0,-0.7829983858883064,-0.04983128700893788,0.7872492720912923,0.05543558643152319,1.0,1.0,0.0,0.43636363636363634,-2.6243377549556874
prior_dominant,1.5,0.2,250,3,20,0.0,100,0.0,0.012073789490069799,0.0016775266041516392,0.05405671356176106,0.017271495862564924,1.0,1.0,0.972972972972973,0.8947368421052632,0.051566547271059325
prior_dominant,1.5,0.2,250,3,20,0.2,100,0.0,-0.7693614176416784,-0.07868536708399555,0.7703349377400711,0.07978320061560892,1.0,1.0,0.0,0.0,-1.4125733449625661
prior_dominant,1.5,0.2,250,3,82,0.0,100,0.0,-0.002892231425177352,0.0006620807981734644,0.05292161546231883,0.014142561868485733,1.0,1.0,0.8974358974358975,0.8780487804878049,-0.0050610499893872255
prior_dominant,1.5,0.2,250,3,82,0.2,100,0.0,-0.7784196127319256,-0.050101643436285336,0.7794357877617515,0.0520719513402084,1.0,1.0,0.0,0.0975609756097561,-2.649489442814193
prior_dominant,1.5,0.2,250,5,20,0.0,100,0.0,0.00039784551962929627,-5.355153169495086e-05,0.0409235550505735,0.014403305677508442,1.0,1.0,0.9464285714285714,0.94,0.03679286057041325
prior_dominant,1.5,0.2,250,5,20,0.2,100,0.0,-0.7524781226204013,-0.08717110258358271,0.7530952684573258,0.08779692966803608,1.0,1.0,0.0,0.0,-0.8239158863980716
prior_dominant,1.5,0.2,250,5,82,0.0,100,0.0,0.0022604558673784327,-0.0013418286519096296,0.04321081095677857,0.010545074269621996,1.0,1.0,0.8695652173913043,0.9285714285714286,0.08312220423053791
prior_dominant,1.5,0.2,250,5,82,0.2,100,0.0,-0.7673744955620169,-0.0569696617284782,0.7679282406043424,0.057753306355327,1.0,1.0,0.0,0.0,-2.3584201669541067
prior_dominant,1.5,0.2,500,1,20,0.0,100,0.0,0.006519022089424682,-0.00085600179551547,0.07228603289209856,0.019799835542796337,1.0,1.0,0.8636363636363636,0.9387755102040817,0.13546873346790675
prior_dominant,1.5,0.2,500,1,20,0.2,100,0.0,-0.7801019002830663,-0.07169557556245996,0.781829993396086,0.07387035966642877,1.0,1.0,0.0,0.0,-1.7963668457238697
prior_dominant,1.5,0.2,500,1,82,0.0,100,0.0,0.009716682553462806,0.0003840084312713801,0.0639657946670509,0.01869491610027279,1.0,1.0,0.8837209302325582,0.9347826086956522,0.09643574829724674
prior_dominant,1.5,0.2,500,1,82,0.2,100,0.0,-0.7772512668558297,-0.05289884823560302,0.778737756973251,0.05559972239167151,1.0,1.0,0.0,0.14893617021276595,-2.526119126285698
prior_dominant,1.5,0.2,500,3,20,0.0,100,0.0,0.0006836295921103464,0.0008997620874289083,0.04025054636120109,0.009804114994646233,1.0,1.0,0.8484848484848485,0.9767441860465116,-0.015267247816386416
prior_dominant,1.5,0.2,500,3,20,0.2,100,0.0,-0.773618290074666,-0.08140151036888438,0.7742028091670554,0.08198289766193864,1.0,1.0,0.0,0.0,-1.335577028519416
prior_dominant,1.5,0.2,500,3,82,0.0,100,0.0,0.0024251694201742357,-0.0012152418341720198,0.03735249065960207,0.010889294542551685,1.0,1.0,0.918918918918919,0.9069767441860465,0.07886829028084097
prior_dominant,1.5,0.2,500,3,82,0.2,100,0.0,-0.7736395644966889,-0.05195310596328298,0.7740069084139508,0.05279725553020875,1.0,1.0,0.0,0.0,-2.5760268160241027
prior_dominant,1.5,0.2,500,5,20,0.0,100,0.0,-0.0051655114101064005,-0.00048328545568900147,0.03178412704585805,0.009895808260094676,1.0,1.0,0.8518518518518519,0.9038461538461539,0.007589900465355566
prior_dominant,1.5,0.2,500,5,20,0.2,100,0.0,-0.7521304707786003,-0.08568506334159098,0.752425854005488,0.08595200576565938,1.0,1.0,0.0,0.0,-0.9367498483594657
prior_dominant,1.5,0.2,500,5,82,0.0,100,0.0,-0.003191607816986226,0.0014627718742147534,0.025741649923651556,0.008422656338977284,1.0,1.0,0.9230769230769231,0.975609756097561,-0.05768133022550534
prior_dominant,1.5,0.2,500,5,82,0.2,100,0.0,-0.7716346573122885,-0.05590538926010384,0.7718609259614745,0.056377487298737164,1.0,1.0,0.0,0.0,-2.433536023299996
prior_dominant,1.5,0.2,1000,1,20,0.0,100,0.0,-0.0030197087138520515,0.00043735722460786413,0.05273240358497834,0.01401769615944771,1.0,1.0,0.8,0.9782608695652174,0.004854997071314449
prior_dominant,1.5,0.2,1000,1,20,0.2,100,0.0,-0.791791980795781,-0.0710418892176158,0.7926264357231387,0.0719794209150098,1.0,1.0,0.0,0.0,-1.9680895719041434
prior_dominant,1.5,0.2,1000,1,82,0.0,100,0.0,-0.0023486609263059233,-8.094663582169454e-05,0.0423527449520071,0.012030513902707653,1.0,1.0,0.8571428571428571,0.95,0.01893925158268092
prior_dominant,1.5,0.2,1000,1,82,0.2,100,0.0,-0.7788186720264386,-0.04754247405792567,0.7796401498329093,0.049036161719720375,1.0,1.0,0.0,0.01818181818181818,-2.743470763494285
prior_dominant,1.5,0.2,1000,3,20,0.0,100,0.0,0.0014172447250176544,0.0007183755028531324,0.02551643431903617,0.008896127474473593,1.0,1.0,0.926829268292683,0.9574468085106383,-0.005958376906067348
prior_dominant,1.5,0.2,1000,3,20,0.2,100,0.0,-0.7735315765507395,-0.08051018749136121,0.7738307965544973,0.08077209193431305,1.0,1.0,0.0,0.0,-1.4036432554319855
prior_dominant,1.5,0.2,1000,3,82,0.0,100,0.0,0.0022172347918082936,0.001614928971168929,0.02861557229847691,0.006801289937640831,1.0,1.0,0.8723404255319149,0.9487179487179487,-0.0417873738635459
prior_dominant,1.5,0.2,1000,3,82,0.2,100,0.0,-0.7825004303225591,-0.053378676052384215,0.782695162610324,0.053736853169430256,1.0,1.0,0.0,0.0,-2.59835943133892
prior_dominant,1.5,0.2,1000,5,20,0.0,100,0.0,0.0012811755449076113,-0.0010246433620272036,0.02158574310102306,0.0060238767107140614,1.0,1.0,0.8055555555555556,0.925,0.05044402974234453
prior_dominant,1.5,0.2,1000,5,20,0.2,100,0.0,-0.7528318796382257,-0.08587629276737622,0.7529816743606396,0.08602216793250826,1.0,1.0,0.0,0.0,-0.9426072035855293
prior_dominant,1.5,0.2,1000,5,82,0.0,100,0.0,-0.0015292398139056208,-0.0009047453491630669,0.020434032607752988,0.006044312347334627,1.0,1.0,0.825,0.9047619047619048,0.03282780237526109
prior_dominant,1.5,0.2,1000,5,82,0.2,100,0.0,-0.7688637494888271,-0.056101515973202766,0.7690450540476942,0.05636039166459827,1.0,1.0,0.0,0.0,-2.413002609886079
mismatched_sign,-0.5,1.0,50,1,20,0.0,100,0.0,-0.013421177568338051,0.036317581619982525,0.101210727915232,0.17689472630866274,1.0,1.0,0.9659090909090909,0.8461538461538461,-0.006496645456014964
mismatched_sign,-0.5,1.0,50,1,20,0.2,100,0.0,0.1758020045629925,-0.44899632878531365,0.19003818786222892,0.4650462760722256,1.0,1.0,0.2535211267605634,0.0379746835443038,-0.10765402897646631
mismatched_sign,-0.5,1.0,50,1,82,0.0,100,0.0,-0.0017737775555638341,0.020389969981166614,0.08794029871304557,0.13923259986698416,1.0,1.0,0.9324324324324325,0.9354838709677419,0.0011044572616713433
mismatched_sign,-0.5,1.0,50,1,82,0.2,100,0.0,0.15610507507270543,-0.45850953992700033,0.17396368211896285,0.46857538962137457,1.0,1.0,0.3939393939393939,0.0,-0.14417231172737513
mismatched_sign,-0.5,1.0,50,3,20,0.0,100,0.0,0.004658699886895336,0.0018359528591872442,0.04820788509285744,0.07974558221068682,1.0,1.0,0.9358974358974359,0.8780487804878049,0.0037617217187643176
mismatched_sign,-0.5,1.0,50,3,20,0.2,100,0.0,0.18216588359464658,-0.4538983375927763,0.1872374469479953,0.45780453020034495,1.0,1.0,0.016666666666666666,0.0,-0.08557479503693202
mismatched_sign,-0.5,1.0,50,3,82,0.0,100,0.0,-0.003721538131487389,0.009112337110753668,0.04678061827160083,0.07588963885788287,1.0,1.0,0.9512195121951219,0.8780487804878049,-0.001915745032953165
mismatched_sign,-0.5,1.0,50,3,82,0.2,100,0.0,0.1574439674295388,-0.4567586225374102,0.16326429193539943,0.461239175236348,1.0,1.0,0.07142857142857142,0.0,-0.13611080903465905
mismatched_sign,-0.5,1.0,50,5,20,0.0,100,0.0,0.005205064246489548,0.005013335670987107,0.03965364451849974,0.05795200508711359,1.0,1.0,0.9466666666666667,0.9210526315789473,0.006985570423083092
mismatched_sign,-0.5,1.0,50,5,20,0.2,100,0.0,0.19488567376533278,-0.43287701448853566,0.19808878538166644,0.4364399150677368,1.0,1.0,0.0,0.0,-0.038987008951076305
mismatched_sign,-0.5,1.0,50,5,82,0.0,100,0.0,-0.0013102945476151228,0.008592121217121933,0.038713303504810476,0.06638749562349122,1.0,1.0,0.8793103448275862,0.9104477611940298,0.0016355185905320797
mismatched_sign,-0.5,1.0,50,5,82,0.2,100,0.0,0.15207678123805954,-0.4355199093510382,0.15573364399948128,0.4385744749447036,1.0,1.0,0.0,0.0,-0.1196531410082536
mismatched_sign,-0.5,1.0,100,1,20,0.0,100,0.0,-0.01135198526484417,0.007788145842243244,0.07140997694217179,0.09296013152967228,1.0,1.0,0.925,0.9487179487179487,-0.009934735182793064
mismatched_sign,-0.5,1.0,100,1,20,0.2,100,0.0,0.18243204160536777,-0.45822755294955514,0.19248495152603282,0.46310694788769013,1.0,1.0,0.07246376811594203,0.0,-0.0906076353915946
mismatched_sign,-0.5,1.0,100,1,82,0.0,100,0.0,-0.008238016061088385,0.014040373962751138,0.06512630765802681,0.10465088693692899,1.0,1.0,0.9054054054054054,0.9117647058823529,-0.005929276777992491
mismatched_sign,-0.5,1.0,100,1,82,0.2,100,0.0,0.15538717494639445,-0.460749115289504,0.16412083957313195,0.4655246109887363,1.0,1.0,0.12,0.0,-0.14529322028657257
mismatched_sign,-0.5,1.0,100,3,20,0.0,100,0.0,0.0013443646075049604,0.0007031085344853993,0.037492260002366766,0.05853875696203276,1.0,1.0,0.925,0.863013698630137,0.0008862534370477415
mismatched_sign,-0.5,1.0,100,3,20,0.2,100,0.0,0.1834552767344011,-0.4452315755980338,0.18610003102110806,0.4471481197151427,1.0,1.0,0.0,0.0,-0.07214613272900508
mismatched_sign,-0.5,1.0,100,3,82,0.0,100,0.0,0.00022613762223836764,-0.0022733549447295663,0.0354100025393103,0.05670630758359159,1.0,1.0,0.8974358974358975,0.9014084507042254,-0.0021825313975141693
mismatched_sign,-0.5,1.0,100,3,82,0.2,100,0.0,0.14869560267424414,-0.44885718480925163,0.15258147954840184,0.4511500193408196,1.0,1.0,0.0,0.0,-0.13958200698873097
mismatched_sign,-0.5,1.0,100,5,20,0.0,100,0.0,-0.0026185005763882576,0.003124315175703775,0.025621798314405784,0.043663025237883964,1.0,1.0,0.9583333333333334,0.8961038961038961,-0.0014214766805875196
mismatched_sign,-0.5,1.0,100,5,20,0.2,100,0.0,0.1984787220078253,-0.44435711930521954,0.19978234103652012,0.445746638823791,1.0,1.0,0.0,0.0,-0.04349047653786592
mismatched_sign,-0.5,1.0,100,5,82,0.0,100,0.0,-0.001104027537688766,-0.0030761326359206777,0.026201330479980686,0.042743051048062836,1.0,1.0,0.9166666666666666,0.90625,-0.0034437354968226068
mismatched_sign,-0.5,1.0,100,5,82,0.2,100,0.0,0.14852113660331553,-0.44735258666795163,0.15045264925077032,0.44864689500708743,1.0,1.0,0.0,0.0,-0.137670828239829
mismatched_sign,-0.5,1.0,250,1,20,0.0,100,0.0,0.005119550497744628,0.0010450113381236337,0.04354993313714233,0.06464787317808339,1.0,1.0,0.9253731343283582,0.9142857142857143,0.0043254559786863565
mismatched_sign,-0.5,1.0,250,1,20,0.2,100,0.0,0.1795502346302332,-0.4638959903928403,0.18339799529362605,0.46668091801815814,1.0,1.0,0.0,0.0,-0.0996769863757314
mismatched_sign,-0.5,1.0,250,1,82,0.0,100,0.0,0.0006015684726407689,0.009209798699493222,0.03408491978846286,0.06297972100660736,1.0,1.0,0.9130434782608695,0.8873239436619719,0.0032742387225759844
mismatched_sign,-0.5,1.0,250,1,82,0.2,100,0.0,0.1472747320582265,-0.4547024267542992,0.15181225971730714,0.4575929173938204,1.0,1.0,0.015873015873015872,0.0,-0.15000712080393622
mismatched_sign,-0.5,1.0,250,3,20,0.0,100,0.0,0.0032487827043116736,-0.0007710632689992147,0.023108103645653008,0.03675388877509072,1.0,1.0,0.94,0.9074074074074074,0.0025864994546623016
mismatched_sign,-0.5,1.0,250,3,20,0.2,100,0.0,0.18875641777359767,-0.45387402735803123,0.1896336204942285,0.45477421154457415,1.0,1.0,0.0,0.0,-0.07067880792604316
mismatched_sign,-0.5,1.0,250,3,82,0.0,100,0.0,-0.00033935433139996253,-0.001951794617862258,0.023606184351508984,0.03560488008323136,1.0,1.0,0.9583333333333334,0.890625,-0.0018788442204608353
mismatched_sign,-0.5,1.0,250,3,82,0.2,100,0.0,0.15028650695319584,-0.45450436345995293,0.15149674858045173,0.45555052586699807,1.0,1.0,0.0,0.0,-0.1425503708956542
mismatched_sign,-0.5,1.0,250,5,20,0.0,100,0.0,-0.0005890463130420486,0.0032516344320141135,0.018143896662897722,0.028955197640035416,1.0,1.0,0.95,0.8793103448275862,0.0008893923839964069
mismatched_sign,-0.5,1.0,250,5,20,0.2,100,0.0,0.19682897581790385,-0.4406953747818325,0.1973836383730503,0.4411071189470454,1.0,1.0,0.0,0.0,-0.04221486233543747
mismatched_sign,-0.5,1.0,250,5,82,0.0,100,0.0,-0.00021803711467341725,0.005514956514756853,0.01566536725715363,0.03120657786757559,1.0,1.0,0.9491525423728814,0.8545454545454545,0.002134912473918828
mismatched_sign,-0.5,1.0,250,5,82,0.2,100,0.0,0.15060532986725111,-0.44150392969785246,0.15133951875918292,0.44199841007229884,1.0,1.0,0.0,0.0,-0.12613745750241212
mismatched_sign,-0.5,1.0,500,1,20,0.0,100,0.0,0.0014831438273803905,0.0050735139230224215,0.03189728929876675,0.04751315635767815,1.0,1.0,0.8955223880597015,0.8939393939393939,0.003537926885050985
mismatched_sign,-0.5,1.0,500,1,20,0.2,100,0.0,0.1832698316032325,-0.47435143878249475,0.18475618291696394,0.4753342397445242,1.0,1.0,0.0,0.0,-0.10359804033365666
mismatched_sign,-0.5,1.0,500,1,82,0.0,100,0.0,0.001383036530403402,0.0006874456135531304,0.027958286694383154,0.04097477433868573,1.0,1.0,0.9411764705882353,0.8955223880597015,0.0009329525763909374
mismatched_sign,-0.5,1.0,500,1,82,0.2,100,0.0,0.1444466449379113,-0.4595455727142447,0.1463166673450942,0.4605850590148711,1.0,1.0,0.0,0.0,-0.15920131778721644
mismatched_sign,-0.5,1.0,500,3,20,0.0,100,0.0,-0.0027880111507946315,0.004610986396785912,0.01779485095002311,0.02685336579938414,1.0,1.0,0.9069767441860465,0.88,-0.0006688415610880377
mismatched_sign,-0.5,1.0,500,3,20,0.2,100,0.0,0.19101551241047254,-0.45663766089112423,0.19136690208331283,0.4571152194748926,1.0,1.0,0.0,0.0,-0.06904358580109794
mismatched_sign,-0.5,1.0,500,3,82,0.0,100,0.0,-0.000797418557677278,0.0031165164895705856,0.01740362971668518,0.02229482804114331,1.0,1.0,0.9375,0.9130434782608695,0.0005875862269098125
mismatched_sign,-0.5,1.0,500,3,82,0.2,100,0.0,0.148199170387069,-0.4513367092066192,0.14893259732208033,0.4518701731012344,1.0,1.0,0.0,0.0,-0.14171898349556283
mismatched_sign,-0.5,1.0,500,5,20,0.0,100,0.0,0.00029680059007310133,0.0005621707649289842,0.012432570437680576,0.019524112542043056,1.0,1.0,0.9264705882352942,0.890625,0.0005332091334639055
mismatched_sign,-0.5,1.0,500,5,20,0.2,100,0.0,0.19814342413213826,-0.4413852003834639,0.19843127167509866,0.4416299413435617,1.0,1.0,0.0,0.0,-0.040438432032588324
mismatched_sign,-0.5,1.0,500,5,82,0.0,100,0.0,0.001956725772704986,-0.002198184152742503,0.010989826763316803,0.019280982296168526,1.0,1.0,0.9322033898305084,0.8923076923076924,0.0006798378195963444
mismatched_sign,-0.5,1.0,500,5,82,0.2,100,0.0,0.15324672213148663,-0.44886546392701093,0.15364123711210007,0.44909071163664094,1.0,1.0,0.0,0.0,-0.12945209220993648
mismatched_sign,-0.5,1.0,1000,1,20,0.0,100,0.0,-0.0024264820046714253,0.0006749793455453922,0.020858592601239085,0.03192822624414024,1.0,1.0,0.953125,0.8813559322033898,-0.002412341697162273
mismatched_sign,-0.5,1.0,1000,1,20,0.2,100,0.0,0.18359376959497137,-0.4725959986452289,0.18436042542928194,0.4731283845420345,1.0,1.0,0.0,0.0,-0.10038144330502988
mismatched_sign,-0.5,1.0,1000,1,82,0.0,100,0.0,0.0006014256496926645,-0.002292938450773765,0.020015993313080783,0.03150543011473832,1.0,1.0,0.9230769230769231,0.9193548387096774,-0.0010570240219633454
mismatched_sign,-0.5,1.0,1000,1,82,0.2,100,0.0,0.14823627435826575,-0.4568968067569015,0.1491847068923007,0.4575021907215055,1.0,1.0,0.0,0.0,-0.14842494687180266
mismatched_sign,-0.5,1.0,1000,3,20,0.0,100,0.0,-0.0012339125318006987,0.004379421878442757,0.011463169819668205,0.018378511290454116,1.0,1.0,0.9583333333333334,0.8604651162790697,0.0008721375719277663
mismatched_sign,-0.5,1.0,1000,3,20,0.2,100,0.0,0.19150587944260056,-0.45690623270540426,0.1917954782474639,0.45707643921824553,1.0,1.0,0.0,0.0,-0.0681711506512693
mismatched_sign,-0.5,1.0,1000,3,82,0.0,100,0.0,-0.001112842717599788,0.00016241332281049847,0.011186240723333515,0.019409776059816003,1.0,1.0,0.8983050847457628,0.8833333333333333,-0.001196313042767403
mismatched_sign,-0.5,1.0,1000,3,82,0.2,100,0.0,0.15033411749224102,-0.4542310695307689,0.15065400146329005,0.4544340058646588,1.0,1.0,0.0,0.0,-0.14094141406081703
mismatched_sign,-0.5,1.0,1000,5,20,0.0,100,0.0,0.0010205465359728366,0.0017918953503657097,0.008230314344141969,0.013502344357757913,1.0,1.0,0.9344262295081968,0.8571428571428571,0.0018705951355758254
mismatched_sign,-0.5,1.0,1000,5,20,0.2,100,0.0,0.19769410046389102,-0.44270321485595043,0.19783369677946128,0.44286622496403544,1.0,1.0,0.0,0.0,-0.04255903144830844
mismatched_sign,-0.5,1.0,1000,5,82,0.0,100,0.0,0.00028203511699101126,-0.00035885283588399375,0.008557800089162878,0.01267018126939076,1.0,1.0,0.9245283018867925,0.8793103448275862,3.207173288791332e-05
mismatched_sign,-0.5,1.0,1000,5,82,0.2,100,0.0,0.15211452341050236,-0.4470805160355237,0.15228384866562508,0.44725055808024006,1.0,1.0,0.0,0.0,-0.12933963149135233
