organ_system,difficulty,rare_vignette_id,rare_disease,rare_findings,rare_evidence,common_vignette_id,common_disease,common_findings,common_evidence
Cardio,easy,616,Cardiac_Tamponade,14,22.075791177430304,567,Acute_MI,14,24.889201894190336
Cardio,easy,613,Cardiac_Tamponade,9,16.42845674357585,553,Heart_Failure,9,16.42845674357585
Cardio,easy,592,Aortic_Dissection,12,19.252123960503077,579,Pulmonary_Embolism,11,19.24186746033589
Cardio,easy,615,Cardiac_Tamponade,12,19.24186746033589,603,Pericarditis,11,19.262380460670265
Cardio,easy,614,Cardiac_Tamponade,8,16.428456743575847,604,Pericarditis,9,16.44896974391023
Cardio,easy,590,Aortic_Dissection,11,13.625302526983,602,Pericarditis,10,13.63555902715019
Cardio,easy,591,Aortic_Dissection,11,19.25212396050308,578,Pulmonary_Embolism,10,19.24186746033589
Cardio,easy,589,Aortic_Dissection,8,16.438713243743038,601,Pericarditis,8,19.24186746033589
Cardio,easy,1001,Infective_Endocarditis,7,15.85092657884092,568,Acute_MI,9,18.57917948726065
Cardio,easy,1004,Infective_Endocarditis,8,18.66433729560096,580,Pulmonary_Embolism,9,19.23161096016869
Cardio,easy,1007,Infective_Endocarditis,8,18.66433729560096,565,Acute_MI,9,19.24186746033589
Cardio,easy,1010,Infective_Endocarditis,8,18.66433729560096,555,Heart_Failure,9,19.24186746033589
Cardio,hard,597,Aortic_Dissection,8,13.027259361913693,562,Heart_Failure,8,12.439472697011576
Cardio,hard,623,Cardiac_Tamponade,9,15.84067007867373,576,Acute_MI,10,15.850926578840918
Cardio,hard,621,Cardiac_Tamponade,11,12.459985697345951,563,Heart_Failure,11,12.459985697345951
Cardio,hard,599,Aortic_Dissection,9,13.027259361913693,587,Pulmonary_Embolism,9,13.027259361913693
Cardio,hard,622,Cardiac_Tamponade,10,12.459985697345951,588,Pulmonary_Embolism,10,12.459985697345957
Cardio,hard,600,Aortic_Dissection,9,15.85092657884092,610,Pericarditis,10,15.85092657884092
Cardio,hard,598,Aortic_Dissection,8,10.203592144986466,612,Pericarditis,9,10.224105145320848
Cardio,hard,624,Cardiac_Tamponade,10,15.85092657884092,609,Pericarditis,10,15.2631399139388
Cardio,hard,1003,Infective_Endocarditis,5,9.62606198025154,561,Heart_Failure,8,12.439472697011572
Cardio,hard,1006,Infective_Endocarditis,4,6.8126512634915,564,Heart_Failure,9,12.449729197178764
Cardio,hard,1009,Infective_Endocarditis,3,6.80239476332431,611,Pericarditis,11,10.167346811502238
Cardio,hard,1012,Infective_Endocarditis,4,6.8126512634915,574,Acute_MI,11,15.85092657884092
Cardio,medium,620,Cardiac_Tamponade,11,15.861183079008107,584,Pulmonary_Embolism,11,15.840670078673728
Cardio,medium,618,Cardiac_Tamponade,11,19.262380460670265,570,Acute_MI,11,19.24186746033589
Cardio,medium,617,Cardiac_Tamponade,10,19.25212396050308,605,Pericarditis,10,18.66433729560096
Cardio,medium,619,Cardiac_Tamponade,9,15.840670078673732,607,Pericarditis,9,15.85092657884092
Cardio,medium,593,Aortic_Dissection,10,13.05802886241526,582,Pulmonary_Embolism,10,15.83041357850654
Cardio,medium,595,Aortic_Dissection,9,15.85092657884092,581,Pulmonary_Embolism,10,16.42845674357585
Cardio,medium,596,Aortic_Dissection,11,22.065534677263116,560,Heart_Failure,11,22.075791177430304
Cardio,medium,594,Aortic_Dissection,10,16.42845674357585,606,Pericarditis,10,16.438713243743038
Cardio,medium,1002,Infective_Endocarditis,6,12.439472697011572,572,Acute_MI,7,16.42845674357585
Cardio,medium,1005,Infective_Endocarditis,6,12.439472697011572,569,Acute_MI,11,16.42845674357585
Cardio,medium,1008,Infective_Endocarditis,5,12.439472697011574,608,Pericarditis,12,15.840670078673728
Cardio,medium,1011,Infective_Endocarditis,5,9.62606198025154,557,Heart_Failure,11,19.24186746033589
Dermato,easy,1265,Stevens_Johnson_Syndrome,8,18.66433729560096,1223,Psoriasis,8,18.66433729560096
Dermato,easy,1268,Stevens_Johnson_Syndrome,7,15.85092657884092,1217,Psoriasis,7,15.85092657884092
Dermato,easy,1271,Stevens_Johnson_Syndrome,7,15.85092657884092,1220,Psoriasis,7,15.85092657884092
Dermato,easy,1274,Stevens_Johnson_Syndrome,7,15.85092657884092,1229,Cellulitis,7,15.85092657884092
Dermato,easy,1277,Erythema_Multiforme,8,18.66433729560096,1226,Psoriasis,8,18.66433729560096
Dermato,easy,1280,Erythema_Multiforme,7,15.85092657884092,1232,Cellulitis,7,15.85092657884092
Dermato,easy,1283,Erythema_Multiforme,8,18.66433729560096,1235,Cellulitis,8,18.66433729560096
Dermato,easy,1286,Erythema_Multiforme,8,18.66433729560096,1238,Cellulitis,8,18.66433729560096
Dermato,hard,1267,Stevens_Johnson_Syndrome,4,9.615805480084347,1225,Psoriasis,4,9.615805480084347
Dermato,hard,1270,Stevens_Johnson_Syndrome,4,9.615805480084347,1252,Allergic_Contact_Dermatitis,4,9.615805480084347
Dermato,hard,1273,Stevens_Johnson_Syndrome,5,9.626061980251537,1231,Cellulitis,5,9.626061980251537
Dermato,hard,1276,Stevens_Johnson_Syndrome,4,9.615805480084347,1258,Herpes_Zoster,4,9.615805480084347
Dermato,hard,1279,Erythema_Multiforme,4,6.8126512634915,1219,Psoriasis,4,6.8126512634915
Dermato,hard,1282,Erythema_Multiforme,4,9.615805480084347,1261,Herpes_Zoster,4,9.615805480084347
Dermato,hard,1285,Erythema_Multiforme,4,9.615805480084347,1234,Cellulitis,5,9.626061980251537
Dermato,hard,1288,Erythema_Multiforme,3,6.80239476332431,1222,Psoriasis,3,6.80239476332431
Dermato,medium,1266,Stevens_Johnson_Syndrome,6,12.439472697011572,1236,Cellulitis,6,12.439472697011572
Dermato,medium,1269,Stevens_Johnson_Syndrome,6,12.439472697011572,1242,Allergic_Contact_Dermatitis,6,12.439472697011572
Dermato,medium,1272,Stevens_Johnson_Syndrome,6,12.439472697011572,1245,Allergic_Contact_Dermatitis,6,12.439472697011572
Dermato,medium,1275,Stevens_Johnson_Syndrome,6,12.439472697011572,1251,Allergic_Contact_Dermatitis,6,12.439472697011572
Dermato,medium,1278,Erythema_Multiforme,6,12.439472697011574,1221,Psoriasis,6,12.439472697011574
Dermato,medium,1281,Erythema_Multiforme,6,12.439472697011572,1230,Cellulitis,6,12.439472697011574
Dermato,medium,1284,Erythema_Multiforme,4,9.626061980251537,1239,Cellulitis,4,9.626061980251537
Dermato,medium,1287,Erythema_Multiforme,5,9.62606198025154,1224,Psoriasis,5,9.62606198025154
GI,easy,1169,Ulcerative_Colitis,7,15.85092657884092,1145,Acute_Appendicitis,7,15.85092657884092
GI,easy,1172,Ulcerative_Colitis,7,15.85092657884092,1151,Acute_Appendicitis,7,15.85092657884092
GI,easy,1175,Ulcerative_Colitis,7,15.85092657884092,1154,Acute_Appendicitis,7,15.85092657884092
GI,easy,1178,Ulcerative_Colitis,8,18.66433729560096,1148,Acute_Appendicitis,8,18.66433729560096
GI,easy,1181,Crohn_Disease,7,15.85092657884092,1160,Peptic_Ulcer_Disease,7,15.85092657884092
GI,easy,1184,Crohn_Disease,7,15.85092657884092,1163,Peptic_Ulcer_Disease,7,15.85092657884092
GI,easy,1187,Crohn_Disease,7,15.85092657884092,1193,Acute_Pancreatitis,7,15.85092657884092
GI,easy,1190,Crohn_Disease,7,15.85092657884092,1199,Acute_Pancreatitis,7,15.85092657884092
GI,hard,1171,Ulcerative_Colitis,4,6.8126512634915,1159,Peptic_Ulcer_Disease,4,6.8126512634915
GI,hard,1174,Ulcerative_Colitis,4,9.615805480084347,1168,Peptic_Ulcer_Disease,4,9.615805480084347
GI,hard,1177,Ulcerative_Colitis,3,6.80239476332431,1147,Acute_Appendicitis,3,6.80239476332431
GI,hard,1180,Ulcerative_Colitis,4,9.615805480084347,1204,Acute_Pancreatitis,4,9.615805480084347
GI,hard,1183,Crohn_Disease,4,9.615805480084347,1156,Acute_Appendicitis,5,9.626061980251537
GI,hard,1186,Crohn_Disease,5,9.62606198025154,1162,Peptic_Ulcer_Disease,5,9.62606198025154
GI,hard,1189,Crohn_Disease,5,9.626061980251537,1165,Peptic_Ulcer_Disease,5,9.62606198025154
GI,hard,1192,Crohn_Disease,4,9.615805480084347,1201,Acute_Pancreatitis,5,9.62606198025154
GI,medium,1170,Ulcerative_Colitis,5,9.62606198025154,1158,Peptic_Ulcer_Disease,5,9.62606198025154
GI,medium,1173,Ulcerative_Colitis,4,9.626061980251537,1146,Acute_Appendicitis,4,9.626061980251537
GI,medium,1176,Ulcerative_Colitis,4,9.626061980251537,1155,Acute_Appendicitis,4,9.626061980251537
GI,medium,1179,Ulcerative_Colitis,6,12.439472697011574,1152,Acute_Appendicitis,6,12.439472697011574
GI,medium,1182,Crohn_Disease,4,9.626061980251537,1194,Acute_Pancreatitis,4,9.626061980251537
GI,medium,1185,Crohn_Disease,5,9.626061980251537,1164,Peptic_Ulcer_Disease,5,9.62606198025154
GI,medium,1188,Crohn_Disease,5,9.626061980251537,1167,Peptic_Ulcer_Disease,5,9.62606198025154
GI,medium,1191,Crohn_Disease,5,12.439472697011574,1149,Acute_Appendicitis,5,12.439472697011574
Hemato,easy,470,TTP,13,22.63280834183085,412,Iron_Deficiency_Anemia,13,22.065534677263116
Hemato,easy,508,Polycythemia_Vera,12,22.055278177095925,530,Chronic_Lymphocytic_Leukemia,12,22.045021676928734
Hemato,easy,541,Aplastic_Anemia,11,19.166966152162768,411,Iron_Deficiency_Anemia,11,19.24186746033589
Hemato,easy,543,Aplastic_Anemia,13,25.46673205892527,436,Thalassemia_Trait,13,25.46673205892527
Hemato,easy,482,HUS,14,22.643064841998044,422,B12_Deficiency,13,21.413103204355064
Hemato,easy,506,Polycythemia_Vera,10,16.438713243743038,446,Sickle_Cell_Disease,10,16.438713243743038
Hemato,easy,471,TTP,12,22.65332134216523,448,Sickle_Cell_Disease,12,19.262380460670265
Hemato,easy,472,TTP,15,25.476988559092455,532,Chronic_Lymphocytic_Leukemia,15,24.86868889385596
Hemato,easy,481,HUS,10,17.005986908310778,496,Hodgkin_Lymphoma,10,18.66433729560096
Hemato,easy,517,Hemophilia_A,12,22.055278177095925,531,Chronic_Lymphocytic_Leukemia,12,19.23161096016869
Hemato,easy,520,Hemophilia_A,11,24.858432393688773,424,B12_Deficiency,13,24.86868889385596
Hemato,easy,519,Hemophilia_A,10,19.25212396050308,445,Sickle_Cell_Disease,11,19.25212396050308
Hemato,easy,542,Aplastic_Anemia,13,19.8399106254052,423,B12_Deficiency,13,19.24186746033589
Hemato,easy,458,ITP,10,16.438713243743038,409,Iron_Deficiency_Anemia,9,16.438713243743038
Hemato,easy,457,ITP,10,16.448969743910226,421,B12_Deficiency,11,16.428456743575847
Hemato,easy,484,HUS,12,19.829654125238005,433,Thalassemia_Trait,11,19.8399106254052
Hemato,easy,507,Polycythemia_Vera,13,24.86868889385596,435,Thalassemia_Trait,13,25.45647555875808
Hemato,easy,518,Hemophilia_A,12,19.252123960503077,447,Sickle_Cell_Disease,11,19.262380460670265
Hemato,easy,483,HUS,9,19.829654125238005,410,Iron_Deficiency_Anemia,11,19.262380460670265
Hemato,easy,469,TTP,9,25.446219058590888,495,Hodgkin_Lymphoma,8,15.83041357850654
Hemato,easy,459,ITP,12,22.065534677263116,434,Thalassemia_Trait,12,17.036756408812348
Hemato,easy,544,Aplastic_Anemia,13,19.829654125238005,494,Hodgkin_Lymphoma,11,15.861183079008107
Hemato,easy,505,Polycythemia_Vera,12,19.252123960503077,529,Chronic_Lymphocytic_Leukemia,11,12.972871054074952
Hemato,easy,460,ITP,12,19.24186746033589,493,Hodgkin_Lymphoma,10,13.047772362248072
Hemato,hard,468,ITP,11,15.86118307900811,455,Sickle_Cell_Disease,11,15.85092657884092
Hemato,hard,480,TTP,10,16.438713243743038,420,Iron_Deficiency_Anemia,10,18.654080795433767
Hemato,hard,478,TTP,11,14.166587358233704,453,Sickle_Cell_Disease,11,15.2631399139388
Hemato,hard,528,Hemophilia_A,11,18.643824295266576,430,B12_Deficiency,12,18.674593795768143
Hemato,hard,551,Aplastic_Anemia,13,19.25212396050308,419,Iron_Deficiency_Anemia,13,18.654080795433767
Hemato,hard,552,Aplastic_Anemia,10,19.24186746033589,442,Thalassemia_Trait,12,19.24186746033589
Hemato,hard,515,Polycythemia_Vera,13,18.643824295266576,444,Thalassemia_Trait,12,15.85092657884092
Hemato,hard,525,Hemophilia_A,11,15.840670078673728,417,Iron_Deficiency_Anemia,11,15.84067007867373
Hemato,hard,491,HUS,9,10.213848645153655,540,Chronic_Lymphocytic_Leukemia,9,9.646574980585914
Hemato,hard,549,Aplastic_Anemia,12,19.24186746033589,441,Thalassemia_Trait,11,15.85092657884092
Hemato,hard,490,HUS,14,22.065534677263116,429,B12_Deficiency,11,15.85092657884092
Hemato,hard,466,ITP,10,12.439472697011574,502,Hodgkin_Lymphoma,10,12.449729197178764
Hemato,hard,550,Aplastic_Anemia,11,15.830413578506542,503,Hodgkin_Lymphoma,11,15.273396414105989
Hemato,hard,477,TTP,11,15.765768770500612,537,Chronic_Lymphocytic_Leukemia,11,12.449729197178764
Hemato,hard,489,HUS,10,19.25212396050308,539,Chronic_Lymphocytic_Leukemia,9,15.2631399139388
Hemato,hard,513,Polycythemia_Vera,8,6.812651263491499,501,Hodgkin_Lymphoma,7,6.80239476332431
Hemato,hard,465,ITP,8,9.626061980251537,432,B12_Deficiency,8,10.203592144986466
Hemato,hard,526,Hemophilia_A,10,9.646574980585916,431,B12_Deficiency,9,9.646574980585914
Hemato,hard,492,HUS,10,15.84067007867373,504,Hodgkin_Lymphoma,9,15.25288341377161
Hemato,hard,516,Polycythemia_Vera,9,15.25288341377161,454,Sickle_Cell_Disease,9,13.037515862080884
Hemato,hard,527,Hemophilia_A,7,9.615805480084346,538,Chronic_Lymphocytic_Leukemia,8,8.9633740071763
Hemato,hard,467,ITP,6,6.822907763658687,456,Sickle_Cell_Disease,9,9.626061980251537
Hemato,hard,479,TTP,12,19.262380460670265,418,Iron_Deficiency_Anemia,10,13.027259361913694
Hemato,hard,514,Polycythemia_Vera,11,15.840670078673728,443,Thalassemia_Trait,9,13.017002861746503
Hemato,medium,475,TTP,10,19.850167125572383,415,Iron_Deficiency_Anemia,11,19.24186746033589
Hemato,medium,510,Polycythemia_Vera,8,13.615046026815811,500,Hodgkin_Lymphoma,8,12.449729197178762
Hemato,medium,485,HUS,10,16.438713243743038,533,Chronic_Lymphocytic_Leukemia,10,15.85092657884092
Hemato,medium,512,Polycythemia_Vera,10,18.654080795433767,416,Iron_Deficiency_Anemia,11,18.654080795433767
Hemato,medium,464,ITP,9,13.027259361913693,498,Hodgkin_Lymphoma,9,12.459985697345951
Hemato,medium,545,Aplastic_Anemia,9,15.765768770500614,413,Iron_Deficiency_Anemia,8,15.840670078673732
Hemato,medium,521,Hemophilia_A,9,13.027259361913693,499,Hodgkin_Lymphoma,9,12.449729197178764
Hemato,medium,524,Hemophilia_A,11,16.41820024340866,451,Sickle_Cell_Disease,11,16.438713243743038
Hemato,medium,488,HUS,11,16.428456743575847,426,B12_Deficiency,11,16.459226244077414
Hemato,medium,487,HUS,12,19.829654125238005,438,Thalassemia_Trait,12,19.262380460670265
Hemato,medium,509,Polycythemia_Vera,10,19.25212396050308,535,Chronic_Lymphocytic_Leukemia,12,19.25212396050308
Hemato,medium,547,Aplastic_Anemia,11,22.632808341830856,437,Thalassemia_Trait,11,22.643064841998044
Hemato,medium,461,ITP,11,15.83041357850654,439,Thalassemia_Trait,11,13.635559027150189
Hemato,medium,548,Aplastic_Anemia,13,22.63280834183085,536,Chronic_Lymphocytic_Leukemia,12,21.467491512193806
Hemato,medium,473,TTP,12,19.829654125238005,425,B12_Deficiency,12,19.24186746033589
Hemato,medium,486,HUS,11,22.643064841998044,440,Thalassemia_Trait,11,22.663577842332423
Hemato,medium,522,Hemophilia_A,11,18.664337295600955,449,Sickle_Cell_Disease,13,18.674593795768143
Hemato,medium,546,Aplastic_Anemia,11,22.055278177095925,452,Sickle_Cell_Disease,13,19.262380460670265
Hemato,medium,463,ITP,10,15.861183079008107,428,B12_Deficiency,10,15.188238605765685
Hemato,medium,523,Hemophilia_A,11,18.654080795433767,414,Iron_Deficiency_Anemia,13,19.262380460670265
Hemato,medium,474,TTP,12,22.643064841998044,450,Sickle_Cell_Disease,14,24.86868889385596
Hemato,medium,476,TTP,10,16.353555435402733,534,Chronic_Lymphocytic_Leukemia,10,13.037515862080882
Hemato,medium,462,ITP,12,18.654080795433767,497,Hodgkin_Lymphoma,8,12.449729197178762
Hemato,medium,511,Polycythemia_Vera,12,24.86868889385596,427,B12_Deficiency,7,10.203592144986466
Immuno,easy,399,Sarcoidosis,8,18.654080795433767,1049,Anaphylaxis,8,18.66433729560096
Immuno,easy,325,Psoriatic_Arthritis,7,15.83041357850654,1055,Anaphylaxis,7,15.85092657884092
Immuno,easy,363,Reactive_Arthritis,8,16.428456743575847,375,Allergic_Rhinitis,8,16.428456743575847
Immuno,easy,313,Systemic_Lupus,14,24.889201894190336,302,Gout,14,22.075791177430304
Immuno,easy,361,Reactive_Arthritis,10,19.25212396050308,303,Gout,10,19.262380460670265
Immuno,easy,362,Reactive_Arthritis,11,19.262380460670265,388,Asthma,11,19.262380460670265
Immuno,easy,315,Systemic_Lupus,11,22.075791177430304,386,Asthma,12,22.065534677263116
Immuno,easy,352,Sjogren_Syndrome,5,13.615046026815811,1058,Anaphylaxis,7,15.85092657884092
Immuno,easy,340,Ankylosing_Spondylitis,10,16.438713243743038,278,Rheumatoid_Arthritis,10,16.438713243743038
Immuno,easy,398,Sarcoidosis,11,18.654080795433767,387,Asthma,12,19.23161096016869
Immuno,easy,314,Systemic_Lupus,10,16.438713243743038,291,Osteoarthritis,10,16.448969743910226
Immuno,easy,327,Psoriatic_Arthritis,10,12.374827889005646,374,Allergic_Rhinitis,10,13.615046026815811
Immuno,easy,316,Systemic_Lupus,11,16.448969743910226,279,Rheumatoid_Arthritis,11,13.656072027484567
Immuno,easy,364,Reactive_Arthritis,12,22.045021676928734,304,Gout,12,22.055278177095925
Immuno,easy,351,Sjogren_Syndrome,11,22.065534677263116,280,Rheumatoid_Arthritis,11,24.878945394023148
Immuno,easy,349,Sjogren_Syndrome,9,12.962614553907764,385,Asthma,9,16.44896974391023
Immuno,easy,328,Psoriatic_Arthritis,11,13.03751586208088,290,Osteoarthritis,12,19.262380460670265
Immuno,easy,326,Psoriatic_Arthritis,12,21.45723501202661,289,Osteoarthritis,12,19.272636960837453
Immuno,easy,338,Ankylosing_Spondylitis,12,22.065534677263116,301,Gout,13,22.065534677263116
Immuno,easy,339,Ankylosing_Spondylitis,15,24.87894539402315,373,Allergic_Rhinitis,14,22.065534677263116
Immuno,easy,350,Sjogren_Syndrome,13,19.272636960837453,277,Rheumatoid_Arthritis,13,19.262380460670265
Immuno,easy,337,Ankylosing_Spondylitis,11,19.25212396050308,1052,Anaphylaxis,8,18.66433729560096
Immuno,easy,397,Sarcoidosis,12,18.674593795768143,376,Allergic_Rhinitis,9,22.055278177095925
Immuno,easy,400,Sarcoidosis,11,18.664337295600955,292,Osteoarthritis,9,22.065534677263116
Immuno,hard,360,Sjogren_Syndrome,11,18.654080795433767,310,Gout,11,18.086807130866028
Immuno,hard,334,Psoriatic_Arthritis,8,9.646574980585916,286,Rheumatoid_Arthritis,8,9.636318480418726
Immuno,hard,321,Systemic_Lupus,11,12.449729197178764,381,Allergic_Rhinitis,10,12.449729197178762
Immuno,hard,323,Systemic_Lupus,9,12.449729197178762,383,Allergic_Rhinitis,9,12.449729197178764
Immuno,hard,324,Systemic_Lupus,10,15.252883413771611,394,Asthma,10,15.830413578506542
Immuno,hard,322,Systemic_Lupus,8,9.626061980251537,309,Gout,8,10.203592144986466
Immuno,hard,346,Ankylosing_Spondylitis,9,12.439472697011574,393,Asthma,9,12.429216196844386
Immuno,hard,358,Sjogren_Syndrome,8,9.615805480084347,384,Allergic_Rhinitis,9,9.636318480418728
Immuno,hard,357,Sjogren_Syndrome,10,15.840670078673732,288,Rheumatoid_Arthritis,10,15.85092657884092
Immuno,hard,369,Reactive_Arthritis,8,12.449729197178762,298,Osteoarthritis,8,12.449729197178762
Immuno,hard,333,Psoriatic_Arthritis,9,12.449729197178764,297,Osteoarthritis,10,12.449729197178762
Immuno,hard,359,Sjogren_Syndrome,7,6.843420763993066,395,Asthma,7,13.027259361913693
Immuno,hard,372,Reactive_Arthritis,10,13.047772362248072,287,Rheumatoid_Arthritis,10,13.578800693331583
Immuno,hard,370,Reactive_Arthritis,12,18.06629413053165,382,Allergic_Rhinitis,12,15.84067007867373
Immuno,hard,406,Sarcoidosis,10,12.459985697345957,311,Gout,10,15.85092657884092
Immuno,hard,336,Psoriatic_Arthritis,10,12.439472697011574,300,Osteoarthritis,11,15.2631399139388
Immuno,hard,348,Ankylosing_Spondylitis,8,13.027259361913693,396,Asthma,9,15.85092657884092
Immuno,hard,347,Ankylosing_Spondylitis,12,15.85092657884092,285,Rheumatoid_Arthritis,12,21.467491512193803
Immuno,hard,335,Psoriatic_Arthritis,12,15.27339641410599,299,Osteoarthritis,14,19.21587862701885
Immuno,hard,371,Reactive_Arthritis,12,18.65408079543377,312,Gout,14,21.467491512193803
Immuno,hard,408,Sarcoidosis,8,6.833164263825878,1054,Anaphylaxis,5,9.626061980251537
Immuno,hard,407,Sarcoidosis,9,12.439472697011574,1057,Anaphylaxis,5,9.626061980251537
Immuno,hard,345,Ankylosing_Spondylitis,12,15.861183079008107,1060,Anaphylaxis,5,9.626061980251537
Immuno,hard,405,Sarcoidosis,10,18.07655063069884,1051,Anaphylaxis,4,9.615805480084347
Immuno,medium,344,Ankylosing_Spondylitis,11,19.262380460670265,305,Gout,11,18.674593795768143
Immuno,medium,318,Systemic_Lupus,11,18.66433729560096,296,Osteoarthritis,11,18.65408079543377
Immuno,medium,365,Reactive_Arthritis,11,12.385084389172832,294,Osteoarthritis,10,13.625302526983
Immuno,medium,356,Sjogren_Syndrome,12,19.262380460670265,391,Asthma,12,19.252123960503077
Immuno,medium,403,Sarcoidosis,10,18.66433729560096,283,Rheumatoid_Arthritis,10,19.262380460670265
Immuno,medium,353,Sjogren_Syndrome,10,12.952358053740577,282,Rheumatoid_Arthritis,9,13.037515862080884
Immuno,medium,332,Psoriatic_Arthritis,11,15.8044247451895,293,Osteoarthritis,11,15.861183079008107
Immuno,medium,404,Sarcoidosis,8,12.439472697011574,379,Allergic_Rhinitis,8,13.03751586208088
Immuno,medium,317,Systemic_Lupus,11,16.38195490992443,308,Gout,11,16.438713243743038
Immuno,medium,355,Sjogren_Syndrome,12,19.24186746033589,284,Rheumatoid_Arthritis,12,18.674593795768143
Immuno,medium,330,Psoriatic_Arthritis,9,9.636318480418726,378,Allergic_Rhinitis,8,10.224105145320843
Immuno,medium,320,Systemic_Lupus,10,15.85092657884092,295,Osteoarthritis,9,15.85092657884092
Immuno,medium,368,Reactive_Arthritis,8,18.654080795433767,392,Asthma,9,15.840670078673728
Immuno,medium,343,Ankylosing_Spondylitis,12,19.272636960837456,389,Asthma,12,22.06553467726312
Immuno,medium,367,Reactive_Arthritis,9,13.027259361913693,1056,Anaphylaxis,6,12.439472697011572
Immuno,medium,366,Reactive_Arthritis,9,15.177982105598495,390,Asthma,11,16.438713243743038
Immuno,medium,342,Ankylosing_Spondylitis,11,15.861183079008107,307,Gout,12,15.850926578840916
Immuno,medium,329,Psoriatic_Arthritis,11,15.198495105932873,377,Allergic_Rhinitis,12,16.448969743910226
Immuno,medium,402,Sarcoidosis,9,13.037515862080884,1050,Anaphylaxis,5,12.439472697011574
Immuno,medium,354,Sjogren_Syndrome,9,13.027259361913694,1059,Anaphylaxis,5,12.439472697011574
Immuno,medium,319,Systemic_Lupus,15,24.878945394023148,281,Rheumatoid_Arthritis,13,24.889201894190343
Immuno,medium,341,Ankylosing_Spondylitis,12,21.488004512528185,306,Gout,14,22.0757911774303
Immuno,medium,401,Sarcoidosis,8,12.449729197178762,1053,Anaphylaxis,5,9.626061980251537
Immuno,medium,331,Psoriatic_Arthritis,10,12.459985697345951,380,Allergic_Rhinitis,14,22.086047677597488
Metabolic,easy,219,Addison_Disease,10,22.65332134216523,256,Metabolic_Syndrome,10,22.65332134216523
Metabolic,easy,172,Diabetes_Insipidus,10,19.25212396050308,148,T2_Diabetes,12,19.262380460670265
Metabolic,easy,268,Primary_Hyperaldosteronism,11,16.448969743910226,184,Hypothyroidism,11,16.459226244077414
Metabolic,easy,218,Addison_Disease,13,22.67383434249961,255,Metabolic_Syndrome,13,22.63280834183085
Metabolic,easy,169,Diabetes_Insipidus,11,16.448969743910226,157,T1_Diabetes,11,16.36381193556992
Metabolic,easy,265,Primary_Hyperaldosteronism,7,13.625302526983,1040,Diabetic_Ketoacidosis,7,15.85092657884092
Metabolic,easy,220,Addison_Disease,11,19.8399106254052,159,T1_Diabetes,12,19.850167125572383
Metabolic,easy,229,Pheochromocytoma,12,22.63280834183085,253,Metabolic_Syndrome,12,22.65332134216523
Metabolic,easy,217,Addison_Disease,13,21.980376868922804,195,Hyperthyroidism,13,22.0757911774303
Metabolic,easy,207,Cushing_Syndrome,10,19.25212396050308,1037,Diabetic_Ketoacidosis,8,18.66433729560096
Metabolic,easy,267,Primary_Hyperaldosteronism,11,19.24186746033589,145,T2_Diabetes,11,15.78628177083499
Metabolic,easy,230,Pheochromocytoma,11,17.036756408812344,147,T2_Diabetes,9,16.418200243408663
Metabolic,easy,208,Cushing_Syndrome,12,19.252123960503077,183,Hypothyroidism,13,19.262380460670265
Metabolic,easy,241,Insulinoma,13,22.66357784233242,158,T1_Diabetes,14,22.65332134216523
Metabolic,easy,170,Diabetes_Insipidus,12,22.045021676928734,182,Hypothyroidism,12,22.055278177095925
Metabolic,easy,205,Cushing_Syndrome,10,16.448969743910226,146,T2_Diabetes,8,16.438713243743038
Metabolic,easy,206,Cushing_Syndrome,13,22.065534677263116,193,Hyperthyroidism,12,22.065534677263116
Metabolic,easy,244,Insulinoma,11,17.036756408812344,196,Hyperthyroidism,12,22.055278177095925
Metabolic,easy,231,Pheochromocytoma,13,25.44621905859089,254,Metabolic_Syndrome,13,25.46673205892527
Metabolic,easy,243,Insulinoma,11,19.850167125572383,1046,Diabetic_Ketoacidosis,8,18.66433729560096
Metabolic,easy,171,Diabetes_Insipidus,12,19.252123960503077,194,Hyperthyroidism,14,22.08604767759749
Metabolic,easy,242,Insulinoma,15,25.48724505925965,181,Hypothyroidism,15,24.87894539402315
Metabolic,easy,266,Primary_Hyperaldosteronism,12,16.44896974391023,1043,Diabetic_Ketoacidosis,7,15.85092657884092
Metabolic,easy,232,Pheochromocytoma,12,22.643064841998044,160,T1_Diabetes,13,25.476988559092455
Metabolic,hard,178,Diabetes_Insipidus,9,7.36419259490939,191,Hypothyroidism,8,9.626061980251537
Metabolic,hard,252,Insulinoma,11,12.385084389172835,153,T2_Diabetes,10,13.568544193164394
Metabolic,hard,239,Pheochromocytoma,9,13.017002861746503,203,Hyperthyroidism,9,12.459985697345951
Metabolic,hard,213,Cushing_Syndrome,10,18.664337295600955,168,T1_Diabetes,10,19.23161096016869
Metabolic,hard,275,Primary_Hyperaldosteronism,11,13.047772362248072,155,T2_Diabetes,11,15.840670078673732
Metabolic,hard,273,Primary_Hyperaldosteronism,10,15.242626913604422,192,Hypothyroidism,10,15.2631399139388
Metabolic,hard,249,Insulinoma,10,13.037515862080886,156,T2_Diabetes,9,12.429216196844385
Metabolic,hard,250,Insulinoma,9,16.41820024340866,166,T1_Diabetes,9,15.84067007867373
Metabolic,hard,276,Primary_Hyperaldosteronism,11,18.664337295600955,201,Hyperthyroidism,11,18.654080795433767
Metabolic,hard,240,Pheochromocytoma,11,16.418200243408663,262,Metabolic_Syndrome,11,15.85092657884092
Metabolic,hard,227,Addison_Disease,12,22.055278177095925,264,Metabolic_Syndrome,12,19.2316109601687
Metabolic,hard,215,Cushing_Syndrome,10,13.027259361913694,204,Hyperthyroidism,10,15.83041357850654
Metabolic,hard,177,Diabetes_Insipidus,8,9.636318480418726,189,Hypothyroidism,8,9.636318480418726
Metabolic,hard,225,Addison_Disease,11,13.047772362248072,202,Hyperthyroidism,12,15.252883413771611
Metabolic,hard,274,Primary_Hyperaldosteronism,13,18.65408079543377,167,T1_Diabetes,13,16.96974157482655
Metabolic,hard,216,Cushing_Syndrome,10,12.449729197178764,190,Hypothyroidism,10,9.656831480753103
Metabolic,hard,214,Cushing_Syndrome,9,12.429216196844385,261,Metabolic_Syndrome,10,16.42845674357585
Metabolic,hard,226,Addison_Disease,10,19.24186746033589,263,Metabolic_Syndrome,10,16.42845674357585
Metabolic,hard,251,Insulinoma,11,19.25212396050308,154,T2_Diabetes,12,18.65408079543377
Metabolic,hard,238,Pheochromocytoma,14,19.78315229158659,165,T1_Diabetes,7,10.213848645153655
Metabolic,hard,179,Diabetes_Insipidus,7,9.626061980251537,1045,Diabetic_Ketoacidosis,5,9.62606198025154
Metabolic,hard,180,Diabetes_Insipidus,10,13.03751586208088,1042,Diabetic_Ketoacidosis,4,9.615805480084347
Metabolic,hard,237,Pheochromocytoma,9,13.027259361913693,1048,Diabetic_Ketoacidosis,4,9.615805480084347
Metabolic,hard,228,Addison_Disease,12,16.42845674357585,1039,Diabetic_Ketoacidosis,4,6.8126512634915
Metabolic,medium,269,Primary_Hyperaldosteronism,13,22.05527817709592,164,T1_Diabetes,13,22.65332134216523
Metabolic,medium,236,Pheochromocytoma,10,16.42845674357585,199,Hyperthyroidism,10,15.85092657884092
Metabolic,medium,211,Cushing_Syndrome,11,18.66433729560096,186,Hypothyroidism,11,19.24186746033589
Metabolic,medium,222,Addison_Disease,11,19.25212396050308,257,Metabolic_Syndrome,11,19.252123960503077
Metabolic,medium,270,Primary_Hyperaldosteronism,9,16.42845674357585,150,T2_Diabetes,10,15.840670078673732
Metabolic,medium,174,Diabetes_Insipidus,11,19.25212396050308,185,Hypothyroidism,11,19.24186746033589
Metabolic,medium,221,Addison_Disease,12,19.829654125238005,258,Metabolic_Syndrome,12,19.850167125572383
Metabolic,medium,272,Primary_Hyperaldosteronism,6,10.213848645153654,1041,Diabetic_Ketoacidosis,5,9.62606198025154
Metabolic,medium,247,Insulinoma,7,13.625302526983,149,T2_Diabetes,9,13.05802886241526
Metabolic,medium,210,Cushing_Syndrome,10,15.840670078673732,200,Hyperthyroidism,10,15.83041357850654
Metabolic,medium,209,Cushing_Syndrome,12,24.88920189419034,197,Hyperthyroidism,13,24.86868889385596
Metabolic,medium,271,Primary_Hyperaldosteronism,13,18.664337295600955,260,Metabolic_Syndrome,11,19.829654125238008
Metabolic,medium,173,Diabetes_Insipidus,9,16.438713243743038,152,T2_Diabetes,9,13.037515862080884
Metabolic,medium,234,Pheochromocytoma,13,25.44621905859089,259,Metabolic_Syndrome,12,22.045021676928734
Metabolic,medium,212,Cushing_Syndrome,12,22.0757911774303,163,T1_Diabetes,11,22.055278177095925
Metabolic,medium,248,Insulinoma,12,19.850167125572383,151,T2_Diabetes,10,19.262380460670265
Metabolic,medium,175,Diabetes_Insipidus,8,10.755133476404357,1047,Diabetic_Ketoacidosis,5,9.62606198025154
Metabolic,medium,233,Pheochromocytoma,11,16.438713243743038,162,T1_Diabetes,11,16.438713243743038
Metabolic,medium,224,Addison_Disease,13,19.252123960503077,188,Hypothyroidism,10,19.231610960168695
Metabolic,medium,245,Insulinoma,10,16.42845674357585,198,Hyperthyroidism,10,18.66433729560096
Metabolic,medium,223,Addison_Disease,12,19.262380460670265,161,T1_Diabetes,11,17.026499908645157
Metabolic,medium,246,Insulinoma,12,22.0757911774303,187,Hypothyroidism,15,27.69235611078318
Metabolic,medium,176,Diabetes_Insipidus,11,10.765389976571544,1038,Diabetic_Ketoacidosis,5,12.439472697011574
Metabolic,medium,235,Pheochromocytoma,11,22.643064841998044,1044,Diabetic_Ketoacidosis,4,9.626061980251537
Neuro,easy,37,Cluster_Headache,13,25.476988559092455,26,Bacterial_Meningitis,12,22.045021676928734
Neuro,easy,40,Cluster_Headache,12,22.65332134216523,88,Parkinsons_Disease,12,19.252123960503077
Neuro,easy,100,Guillain_Barre,9,16.438713243743038,73,Stroke_Ischemic,9,15.840670078673732
Neuro,easy,63,Multiple_Sclerosis,12,22.0757911774303,16,Tension_Headache,12,18.654080795433767
Neuro,easy,62,Multiple_Sclerosis,10,16.448969743910226,3,Migraine,10,15.85092657884092
Neuro,easy,39,Cluster_Headache,12,28.280142775685302,28,Bacterial_Meningitis,10,22.065534677263116
Neuro,easy,50,Idiopathic_Intracranial_HTN,10,19.25212396050308,86,Parkinsons_Disease,10,19.262380460670265
Neuro,easy,110,Myasthenia_Gravis,10,19.262380460670265,1,Migraine,10,18.66433729560096
Neuro,easy,52,Idiopathic_Intracranial_HTN,10,13.63555902715019,4,Migraine,10,15.177982105598494
Neuro,easy,135,Subarachnoid_Hemorrhage,9,16.44896974391023,75,Stroke_Ischemic,10,15.84067007867373
Neuro,easy,109,Myasthenia_Gravis,11,22.065534677263116,85,Parkinsons_Disease,11,19.25212396050308
Neuro,easy,98,Guillain_Barre,14,24.86868889385596,124,Epilepsy,13,18.674593795768143
Neuro,easy,111,Myasthenia_Gravis,9,16.438713243743038,76,Stroke_Ischemic,9,13.037515862080882
Neuro,easy,99,Guillain_Barre,11,19.24186746033589,27,Bacterial_Meningitis,11,16.438713243743038
Neuro,easy,64,Multiple_Sclerosis,10,19.25212396050308,25,Bacterial_Meningitis,8,19.25212396050308
Neuro,easy,61,Multiple_Sclerosis,12,22.065534677263116,121,Epilepsy,13,18.64382429526658
Neuro,easy,136,Subarachnoid_Hemorrhage,11,22.065534677263116,87,Parkinsons_Disease,11,16.438713243743038
Neuro,easy,133,Subarachnoid_Hemorrhage,11,19.262380460670265,15,Tension_Headache,11,15.850926578840918
Neuro,easy,49,Idiopathic_Intracranial_HTN,13,22.0757911774303,13,Tension_Headache,11,15.850926578840918
Neuro,easy,134,Subarachnoid_Hemorrhage,10,19.24186746033589,122,Epilepsy,9,13.027259361913693
Neuro,easy,38,Cluster_Headache,15,28.280142775685302,2,Migraine,8,12.354314888671269
Neuro,easy,112,Myasthenia_Gravis,12,19.252123960503077,14,Tension_Headache,8,10.234361645488033
Neuro,easy,51,Idiopathic_Intracranial_HTN,11,19.262380460670265,123,Epilepsy,8,10.234361645488033
Neuro,easy,97,Guillain_Barre,11,16.438713243743038,74,Stroke_Ischemic,8,10.213848645153655
Neuro,hard,57,Idiopathic_Intracranial_HTN,6,9.62606198025154,11,Migraine,7,9.636318480418726
Neuro,hard,58,Idiopathic_Intracranial_HTN,12,16.40246791025881,96,Parkinsons_Disease,12,18.056037630364457
Neuro,hard,45,Cluster_Headache,10,15.85092657884092,36,Bacterial_Meningitis,10,15.861183079008107
Neuro,hard,107,Guillain_Barre,6,6.80239476332431,24,Tension_Headache,7,9.615805480084346
Neuro,hard,141,Subarachnoid_Hemorrhage,9,12.449729197178762,93,Parkinsons_Disease,9,12.449729197178762
Neuro,hard,143,Subarachnoid_Hemorrhage,9,15.840670078673728,34,Bacterial_Meningitis,9,15.83041357850654
Neuro,hard,70,Multiple_Sclerosis,8,13.03751586208088,131,Epilepsy,8,12.449729197178762
Neuro,hard,47,Cluster_Headache,11,19.23161096016869,94,Parkinsons_Disease,11,18.07655063069884
Neuro,hard,72,Multiple_Sclerosis,13,21.477748012360998,10,Migraine,11,18.06629413053165
Neuro,hard,105,Guillain_Barre,10,10.213848645153655,130,Epilepsy,10,12.449729197178762
Neuro,hard,108,Guillain_Barre,10,15.85092657884092,84,Stroke_Ischemic,10,15.25288341377161
Neuro,hard,48,Cluster_Headache,9,13.037515862080882,9,Migraine,9,12.459985697345951
Neuro,hard,60,Idiopathic_Intracranial_HTN,7,7.353936094742199,21,Tension_Headache,8,10.177603311669426
Neuro,hard,117,Myasthenia_Gravis,10,13.037515862080884,82,Stroke_Ischemic,10,12.459985697345951
Neuro,hard,120,Myasthenia_Gravis,10,12.449729197178764,23,Tension_Headache,10,12.449729197178764
Neuro,hard,119,Myasthenia_Gravis,12,18.66433729560096,95,Parkinsons_Disease,11,15.85092657884092
Neuro,hard,59,Idiopathic_Intracranial_HTN,12,16.38195490992443,35,Bacterial_Meningitis,12,12.991014028429465
Neuro,hard,144,Subarachnoid_Hemorrhage,12,15.2631399139388,129,Epilepsy,11,12.449729197178764
Neuro,hard,142,Subarachnoid_Hemorrhage,11,10.102702003496308,81,Stroke_Ischemic,9,12.429216196844385
Neuro,hard,69,Multiple_Sclerosis,9,12.459985697345951,83,Stroke_Ischemic,9,12.439472697011574
Neuro,hard,71,Multiple_Sclerosis,12,15.28365291427318,33,Bacterial_Meningitis,9,15.2631399139388
Neuro,hard,118,Myasthenia_Gravis,10,13.027259361913694,132,Epilepsy,9,12.439472697011574
Neuro,hard,46,Cluster_Headache,10,13.047772362248072,22,Tension_Headache,9,12.439472697011572
Neuro,hard,106,Guillain_Barre,10,15.83041357850654,12,Migraine,8,12.429216196844385
Neuro,medium,53,Idiopathic_Intracranial_HTN,8,15.85092657884092,126,Epilepsy,8,15.2631399139388
Neuro,medium,66,Multiple_Sclerosis,11,16.459226244077417,29,Bacterial_Meningitis,11,16.39221141009162
Neuro,medium,42,Cluster_Headache,14,25.476988559092455,89,Parkinsons_Disease,14,24.87894539402315
Neuro,medium,113,Myasthenia_Gravis,9,15.830413578506542,90,Parkinsons_Disease,9,15.830413578506542
Neuro,medium,137,Subarachnoid_Hemorrhage,13,19.24186746033588,127,Epilepsy,13,18.664337295600955
Neuro,medium,101,Guillain_Barre,9,15.840670078673732,92,Parkinsons_Disease,10,15.83041357850654
Neuro,medium,65,Multiple_Sclerosis,12,22.075791177430304,8,Migraine,11,18.66433729560096
Neuro,medium,139,Subarachnoid_Hemorrhage,8,13.017002861746503,19,Tension_Headache,8,12.449729197178762
Neuro,medium,102,Guillain_Barre,10,19.25212396050308,17,Tension_Headache,11,18.65408079543377
Neuro,medium,140,Subarachnoid_Hemorrhage,8,13.027259361913693,125,Epilepsy,8,12.449729197178762
Neuro,medium,114,Myasthenia_Gravis,9,13.037515862080884,128,Epilepsy,10,13.027259361913693
Neuro,medium,104,Guillain_Barre,11,19.25212396050308,78,Stroke_Ischemic,11,18.65408079543377
Neuro,medium,67,Multiple_Sclerosis,10,15.861183079008107,7,Migraine,10,15.86118307900811
Neuro,medium,44,Cluster_Headache,11,22.663577842332423,18,Tension_Headache,11,15.85092657884092
Neuro,medium,138,Subarachnoid_Hemorrhage,12,16.428456743575847,31,Bacterial_Meningitis,12,15.840670078673728
Neuro,medium,56,Idiopathic_Intracranial_HTN,11,19.25212396050308,77,Stroke_Ischemic,11,15.850926578840918
Neuro,medium,54,Idiopathic_Intracranial_HTN,11,15.85092657884092,6,Migraine,11,15.2631399139388
Neuro,medium,41,Cluster_Headache,13,19.24186746033588,30,Bacterial_Meningitis,10,16.438713243743038
Neuro,medium,115,Myasthenia_Gravis,11,15.84067007867373,32,Bacterial_Meningitis,10,16.42845674357585
Neuro,medium,116,Myasthenia_Gravis,9,16.438713243743038,91,Parkinsons_Disease,10,16.438713243743038
Neuro,medium,103,Guillain_Barre,8,15.850926578840918,5,Migraine,8,10.224105145320843
Neuro,medium,55,Idiopathic_Intracranial_HTN,8,13.03751586208088,80,Stroke_Ischemic,8,9.646574980585914
Neuro,medium,43,Cluster_Headache,13,25.46673205892527,79,Stroke_Ischemic,11,12.449729197178762
Neuro,medium,68,Multiple_Sclerosis,11,21.477748012360998,20,Tension_Headache,11,10.177603311669424
Pulmo,easy,674,Sarcoidosis_Pulmo,9,13.037515862080882,625,COPD,8,13.615046026815811
Pulmo,easy,676,Sarcoidosis_Pulmo,13,18.674593795768143,637,Community_Pneumonia,12,19.24186746033589
Pulmo,easy,651,Pulmonary_Fibrosis,10,19.262380460670265,627,COPD,10,19.24186746033589
Pulmo,easy,650,Pulmonary_Fibrosis,10,16.438713243743038,685,Lung_Cancer,10,16.438713243743038
Pulmo,easy,675,Sarcoidosis_Pulmo,11,18.654080795433767,640,Community_Pneumonia,11,16.448969743910226
Pulmo,easy,649,Pulmonary_Fibrosis,10,22.05527817709592,639,Community_Pneumonia,9,22.055278177095925
Pulmo,easy,673,Sarcoidosis_Pulmo,11,18.64382429526658,661,Tuberculosis,10,16.448969743910226
Pulmo,easy,652,Pulmonary_Fibrosis,12,19.262380460670265,638,Community_Pneumonia,12,22.045021676928734
Pulmo,easy,1013,Pneumothorax,7,15.85092657884092,687,Lung_Cancer,7,13.635559027150189
Pulmo,easy,1016,Pneumothorax,7,15.85092657884092,628,COPD,9,16.438713243743038
Pulmo,easy,1019,Pneumothorax,8,18.66433729560096,688,Lung_Cancer,9,19.252123960503077
Pulmo,easy,1022,Pneumothorax,8,18.66433729560096,662,Tuberculosis,9,24.85843239368877
Pulmo,hard,684,Sarcoidosis_Pulmo,9,12.439472697011574,636,COPD,9,12.429216196844385
Pulmo,hard,683,Sarcoidosis_Pulmo,10,12.449729197178762,669,Tuberculosis,11,12.980757528262274
Pulmo,hard,658,Pulmonary_Fibrosis,9,9.636318480418728,694,Lung_Cancer,10,9.54090417191123
Pulmo,hard,682,Sarcoidosis_Pulmo,9,15.2631399139388,646,Community_Pneumonia,10,15.2631399139388
Pulmo,hard,659,Pulmonary_Fibrosis,10,12.459985697345957,672,Tuberculosis,11,13.037515862080882
Pulmo,hard,660,Pulmonary_Fibrosis,12,18.06629413053165,695,Lung_Cancer,11,18.643824295266576
Pulmo,hard,681,Sarcoidosis_Pulmo,8,15.2631399139388,671,Tuberculosis,8,13.037515862080882
Pulmo,hard,657,Pulmonary_Fibrosis,13,18.66433729560096,647,Community_Pneumonia,11,18.674593795768143
Pulmo,hard,1015,Pneumothorax,4,9.615805480084347,670,Tuberculosis,7,9.626061980251537
Pulmo,hard,1018,Pneumothorax,4,6.8126512634915,693,Lung_Cancer,8,12.449729197178762
Pulmo,hard,1021,Pneumothorax,3,6.80239476332431,634,COPD,8,13.03751586208088
Pulmo,hard,1024,Pneumothorax,3,6.80239476332431,696,Lung_Cancer,9,11.776784723936338
Pulmo,medium,654,Pulmonary_Fibrosis,10,15.85092657884092,667,Tuberculosis,10,16.438713243743038
Pulmo,medium,678,Sarcoidosis_Pulmo,9,18.654080795433767,632,COPD,9,16.438713243743038
Pulmo,medium,680,Sarcoidosis_Pulmo,13,18.674593795768143,644,Community_Pneumonia,13,19.23161096016869
Pulmo,medium,655,Pulmonary_Fibrosis,11,22.065534677263116,665,Tuberculosis,11,21.488004512528185
Pulmo,medium,677,Sarcoidosis_Pulmo,9,15.861183079008107,630,COPD,9,16.438713243743038
Pulmo,medium,653,Pulmonary_Fibrosis,13,22.075791177430304,691,Lung_Cancer,13,22.0757911774303
Pulmo,medium,656,Pulmonary_Fibrosis,10,15.861183079008107,666,Tuberculosis,10,17.99139282235853
Pulmo,medium,679,Sarcoidosis_Pulmo,9,15.861183079008107,668,Tuberculosis,7,15.85092657884092
Pulmo,medium,1014,Pneumothorax,6,12.439472697011572,690,Lung_Cancer,8,13.027259361913693
Pulmo,medium,1017,Pneumothorax,5,9.62606198025154,631,COPD,9,10.234361645488034
Pulmo,medium,1020,Pneumothorax,5,9.62606198025154,641,Community_Pneumonia,8,13.04777236224807
Pulmo,medium,1023,Pneumothorax,5,12.439472697011574,642,Community_Pneumonia,11,13.047772362248068
Renal,easy,1097,Polycystic_Kidney_Disease,8,18.66433729560096,1073,Acute_Kidney_Injury,8,18.66433729560096
Renal,easy,1100,Polycystic_Kidney_Disease,7,15.85092657884092,1082,Acute_Kidney_Injury,7,15.85092657884092
Renal,easy,1103,Polycystic_Kidney_Disease,8,18.66433729560096,1076,Acute_Kidney_Injury,8,18.66433729560096
Renal,easy,1106,Polycystic_Kidney_Disease,8,18.66433729560096,1079,Acute_Kidney_Injury,8,18.66433729560096
Renal,easy,1109,Renal_Cell_Carcinoma,7,15.85092657884092,1088,Nephrotic_Syndrome,7,15.85092657884092
Renal,easy,1112,Renal_Cell_Carcinoma,8,18.66433729560096,1085,Nephrotic_Syndrome,8,18.66433729560096
Renal,easy,1115,Renal_Cell_Carcinoma,8,18.66433729560096,1091,Nephrotic_Syndrome,8,18.66433729560096
Renal,easy,1118,Renal_Cell_Carcinoma,8,18.66433729560096,1124,Glomerulonephritis,8,18.66433729560096
Renal,hard,1099,Polycystic_Kidney_Disease,4,9.615805480084347,1081,Acute_Kidney_Injury,4,9.615805480084347
Renal,hard,1102,Polycystic_Kidney_Disease,4,9.615805480084347,1093,Nephrotic_Syndrome,4,9.615805480084347
Renal,hard,1105,Polycystic_Kidney_Disease,3,6.80239476332431,1126,Glomerulonephritis,3,6.80239476332431
Renal,hard,1108,Polycystic_Kidney_Disease,5,9.62606198025154,1090,Nephrotic_Syndrome,5,9.62606198025154
Renal,hard,1111,Renal_Cell_Carcinoma,5,9.62606198025154,1075,Acute_Kidney_Injury,5,9.626061980251537
Renal,hard,1114,Renal_Cell_Carcinoma,5,9.626061980251537,1123,Glomerulonephritis,5,9.626061980251537
Renal,hard,1117,Renal_Cell_Carcinoma,4,9.615805480084347,1096,Nephrotic_Syndrome,4,9.615805480084347
Renal,hard,1120,Renal_Cell_Carcinoma,5,9.626061980251537,1129,Glomerulonephritis,4,9.615805480084347
Renal,medium,1098,Polycystic_Kidney_Disease,5,12.439472697011574,1092,Nephrotic_Syndrome,5,12.439472697011574
Renal,medium,1101,Polycystic_Kidney_Disease,5,9.626061980251537,1083,Acute_Kidney_Injury,5,9.626061980251537
Renal,medium,1104,Polycystic_Kidney_Disease,5,9.626061980251537,1143,Nephrolithiasis,5,9.626061980251537
Renal,medium,1107,Polycystic_Kidney_Disease,6,12.439472697011574,1086,Nephrotic_Syndrome,6,12.439472697011574
Renal,medium,1110,Renal_Cell_Carcinoma,5,12.439472697011574,1128,Glomerulonephritis,5,12.439472697011574
Renal,medium,1113,Renal_Cell_Carcinoma,5,12.439472697011574,1131,Glomerulonephritis,5,12.439472697011574
Renal,medium,1116,Renal_Cell_Carcinoma,5,9.626061980251537,1089,Nephrotic_Syndrome,4,9.626061980251537
Renal,medium,1119,Renal_Cell_Carcinoma,4,9.626061980251537,1095,Nephrotic_Syndrome,4,9.626061980251537
