bin,mean_agreement,empirical_accuracy,n,abs_gap,model
"(-0.001, 0.5]",0.4465352449223417,0.010752688172043012,279,0.4357825567502987,qwen2.5-0.5b
"(0.5, 0.667]",0.6662790697674418,0.005813953488372093,172,0.6604651162790697,qwen2.5-0.5b
"(0.667, 1.0]",0.9635193133047211,0.008583690987124463,466,0.9549356223175967,qwen2.5-0.5b
"(-0.001, 0.4]",0.3099078341013825,0.2903225806451613,217,0.019585253456221197,qwen2.5-3b
"(0.4, 0.6]",0.5508928571428571,0.33035714285714285,224,0.22053571428571422,qwen2.5-3b
"(0.6, 0.75]",0.7011834319526628,0.5029585798816568,169,0.19822485207100593,qwen2.5-3b
"(0.75, 1.0]",0.9385026737967914,0.4919786096256685,374,0.44652406417112295,qwen2.5-3b
"(-0.001, 0.333]",0.2619617224880383,0.23444976076555024,209,0.027511961722488043,qwen2.5-7b
"(0.333, 0.667]",0.5927973199329983,0.44974874371859297,398,0.14304857621440537,qwen2.5-7b
"(0.667, 1.0]",0.9436339522546419,0.6339522546419099,377,0.309681697612732,qwen2.5-7b
